AGE,AMT1
62,34300
71,27900
35,6400
18,76400
0,13300
30,8500
61,9100
60,65800
81,6400
42,6400
36,6400
36,10000
45,271900
40,78900
39,127900
52,78900
33,6400
44,-23600
44,20200
44,23600
44,3000
50,6400
49,6400
42,12600
38,256400
64,12600
26,228300
44,12600
29,6400
53,12300
58,6400
30,8500
0,14400
9,12700
36,6400
52,6200
52,262100
58,61900
62,6400
38,22100
52,106400
46,13200
44,106400
1,8000
55,58800
58,279000
17,14100
34,12300
66,114900
53,6400
40,279000
54,258500
54,185400
34,22900
57,13300
45,18900
49,272000
49,163400
38,34900
50,27400
24,8000
24,8000
24,-8000
84,88400
51,10000
10,61900
81,-239800
81,239800
49,94800
58,276300
49,231400
17,69400
30,6400
39,127900
33,26400
46,6400
54,103900
63,6400
50,35600
55,84300
32,76400
35,22000
35,48900
35,14300
38,3800
38,35600
69,26300
52,-26400
52,26400
68,276300
34,10300
41,9800
67,6400
33,6400
44,-16400
44,16400
44,18500
41,6400
44,12600
30,127900
30,256400
47,78900
46,44600
43,114400
43,-126400
43,126400
64,6400
59,101800
49,6400
47,8500
67,79100
33,78900
49,11400
14,74800
84,6400
13,6400
37,71900
67,76400
53,63600
65,6400
48,88400
30,258500
7,25200
51,48400
59,26300
35,8500
65,84300
50,26300
41,28200
48,8500
58,36900
29,21900
60,20000
60,17400
30,25900
53,286400
48,258500
45,73400
36,6400
45,6400
71,6400
5,35100
51,78900
67,72100
59,106400
18,6400
12,41400
46,79100
76,16400
40,9100
50,12600
19,3000
19,31990
38,12600
65,21400
57,78900
76,29400
64,6400
49,122600
65,74500
32,10300
44,100000
74,27400
60,9000
30,100100
2,9800
73,342300
51,6400
49,65800
43,6400
42,6400
43,78900
63,77300
67,6400
45,79100
66,14100
56,6400
11,-73400
11,73400
11,68540
59,4500
64,8500
40,137400
27,48200
34,12200
3,4600
62,24200
52,256400
62,36600
24,61400
47,6400
1,9000
18,106400
40,76400
43,90800
84,202900
36,271200
27,117400
65,137900
65,-137900
65,137900
12,13100
72,9100
33,78900
17,12300
85,12000
7,256400
38,6400
56,127900
13,6400
35,94500
35,-104500
35,94500
70,-256400
70,340500
70,256400
58,127900
47,78900
39,96400
55,65800
48,6400
18,13100
34,24500
52,6400
48,272000
43,7200
44,279000
44,31700
49,6400
46,76400
37,6400
44,61300
32,6400
42,6400
54,6400
46,6400
54,62400
45,61900
60,7400
61,23100
7,19800
59,11100
75,2700
75,67500
31,228300
35,39000
44,20900
44,256400
46,472800
46,101000
53,76400
46,79100
51,6400
53,8500
53,14200
44,30100
38,6400
5,50300
58,6400
61,6400
46,20800
3,15100
62,6400
64,6400
30,52800
37,78900
63,26400
48,6400
44,106400
18,12300
47,108900
36,6400
41,78900
50,79100
49,12600
60,6400
70,78900
42,241300
44,6400
64,64800
60,78900
60,-78900
60,78900
59,7600
11,12200
40,16400
1,10600
52,13100
60,76400
40,101800
55,109100
16,6400
37,65800
18,6400
40,14700
63,41700
31,6400
73,9500
73,6400
40,10900
58,51300
28,13600
28,12300
35,11000
61,11900
32,11400
81,23700
70,10200
3,46700
34,18100
34,67500
34,800
44,98100
55,38200
66,23250
63,56400
60,19900
18,121500
18,256400
37,13900
59,256400
59,10000
69,-256400
69,256400
37,71900
40,256400
43,6400
37,13900
43,6400
33,13100
53,6400
25,127900
59,60700
58,44300
34,76400
47,9400
13,10700
56,127900
37,21900
69,32500
33,71800
60,11600
59,22900
22,-48700
22,48700
44,12400
42,215900
52,93300
64,8500
59,72600
52,72600
52,20100
22,25900
20,6400
52,31800
55,77300
44,135800
8,6400
42,11400
64,6400
52,3000
52,7400
45,258500
8,12200
66,23250
39,6400
18,6400
27,11400
37,101800
40,101800
54,76400
51,6400
63,127900
63,12200
38,12600
59,106400
55,129900
62,79900
67,456400
67,59500
24,7200
41,16300
43,40900
57,9100
36,9100
61,6400
55,62600
57,6400
59,6400
45,18400
25,26400
41,12300
12,16300
64,6400
32,88900
64,69400
69,6400
31,75600
55,19700
38,268500
60,12100
76,12600
75,6400
45,23300
40,106400
46,13800
32,85200
18,6400
18,6400
46,15700
63,8500
63,10400
53,6400
3,32900
43,6400
37,18000
64,64800
42,91800
62,78900
44,42200
41,12600
51,61900
41,67300
40,85600
48,30000
61,81100
44,13200
14,64800
37,71800
1,19400
1,4000
52,91800
59,128000
27,101800
59,13200
49,9100
48,127900
30,127900
55,8500
40,25000
58,26400
37,76400
51,281700
50,69300
22,12600
59,6400
60,6400
65,9100
56,30100
56,8500
41,34900
38,71900
38,270500
47,96100
32,15300
50,13500
45,76150
45,-81300
45,81300
76,107500
44,13600
44,6400
44,84300
52,10000
67,77100
32,71800
45,12000
40,78900
32,6400
61,7200
51,6400
60,74300
36,6400
50,12600
35,94500
49,21900
23,14100
43,9000
43,18000
12,48700
33,-266300
33,390600
33,266300
41,78900
52,59400
11,33100
44,35100
52,88400
55,20000
50,29000
42,9100
61,6400
54,6400
45,26400
54,6400
33,12600
33,-14700
33,14700
57,12600
38,6400
78,6400
48,10000
48,256400
48,10000
48,-10000
53,62100
24,29000
39,127500
37,256400
46,76400
40,28400
49,276300
49,-526300
36,18000
44,115750
70,122500
19,96400
45,109700
57,23800
58,101600
35,256400
41,29100
35,264100
35,20000
85,124700
60,21200
2,6200
4,8200
2,4600
7,61400
38,75200
59,77900
5,15200
53,16400
67,8500
52,21900
69,6400
13,22900
28,271900
50,48000
26,29000
37,22500
40,9800
57,29200
60,21400
88,23400
88,-23400
88,23400
48,6400
44,20000
44,256400
55,101800
32,81000
29,8500
27,81200
28,61900
67,6400
59,6400
43,6400
44,101800
36,10700
73,106400
60,78900
65,6400
37,358700
1,8000
27,6400
60,101800
39,78900
62,6400
62,78900
64,78900
38,101800
32,101800
34,104800
50,101800
47,101800
16,91800
16,91800
49,106400
47,101800
46,101800
52,121700
36,6400
49,45900
26,6400
56,255800
45,271200
47,65800
73,6400
66,15990
38,107700
44,26400
7,6400
7,10700
18,96400
18,87400
18,-96400
55,6400
54,70000
58,74300
58,78900
58,-74300
12,15200
55,12000
41,25450
10,6400
8,21400
43,101600
55,101800
60,376400
41,40700
46,19900
44,8500
43,85600
8,270100
44,9100
50,6400
35,122400
30,87700
30,-89900
30,89900
45,110050
53,246300
32,26400
69,15400
55,51900
53,50400
37,15000
33,137400
58,10000
37,12200
35,13800
18,6400
29,83500
16,127900
54,78900
43,6400
5,9000
66,328900
21,31800
42,21900
64,95500
65,124500
63,35600
59,11100
55,1500
30,231400
30,109300
73,19300
51,78900
56,256400
31,75600
62,258500
13,256400
40,106400
40,-101800
40,101800
34,101800
43,101800
55,101800
47,101800
43,101800
9,39000
40,20100
76,14100
42,6400
47,101800
24,81300
53,14800
45,6400
78,125700
54,71800
36,22200
5,9800
66,78900
56,29000
48,101800
40,130500
63,1100
64,267600
48,267600
65,256400
3,20600
58,75600
51,8500
51,274600
67,71800
72,19200
36,21900
38,20100
34,279000
1,4600
34,24400
34,94400
34,-94400
5,19600
11,4500
56,8500
55,20100
25,17100
58,55400
58,122600
50,26400
44,279000
65,34600
43,6400
62,94850
70,29000
84,65800
52,29000
31,6400
62,13100
62,78900
47,71900
56,78900
55,12200
57,6400
58,6400
58,10000
36,71900
1,9000
18,110500
31,10300
44,115750
76,426300
76,25600
76,-25600
76,25600
54,158500
50,158500
36,98400
1,17900
34,14100
75,270800
44,80000
77,29000
42,32200
16,91800
16,3000
47,101800
50,79100
45,101800
52,91800
19,101800
27,74900
48,50900
48,17600
53,34900
46,16400
46,79900
49,7400
25,30000
60,9000
24,8000
39,78900
22,88400
72,107500
61,250000
61,6400
40,9400
29,28000
29,-28000
29,28000
32,21100
52,78900
46,250000
63,45700
69,6400
39,7500
49,18500
48,43900
57,276300
40,22900
47,20300
46,11900
36,94400
31,26100
38,11200
39,258500
55,101800
55,101800
57,101800
47,101800
44,20100
74,250000
32,14200
14,37100
42,27400
39,20500
31,335100
31,334100
31,-335100
31,1000
39,272900
44,82300
37,37800
10,37790
13,23300
29,17200
50,465100
50,101100
59,6400
53,6400
63,15200
12,20900
37,20100
12,46600
55,1500
55,-1500
55,1500
39,101800
33,13600
51,9300
73,110400
52,14300
58,71800
2,10600
74,273600
7,15700
52,13100
44,78900
76,103200
76,256400
44,29300
35,13000
35,256400
45,12600
51,6400
22,15300
24,6400
40,107500
34,16300
30,179000
30,12600
32,13400
32,265100
64,12600
42,6400
40,-8500
40,8500
53,75200
55,92100
55,-110100
55,110100
55,12700
77,85400
9,19800
10,6400
45,6400
59,28800
58,127900
5,30800
45,9800
47,79900
40,6400
62,54400
65,8500
74,28400
72,8500
60,49900
49,9800
40,78900
66,107500
43,37600
33,138200
53,86400
58,121500
58,100000
58,156400
60,6400
53,11000
16,20000
16,256400
13,53900
75,44400
46,9100
41,6400
72,6400
69,256400
69,63700
28,76400
1,13600
49,66400
48,96400
52,256400
43,64910
49,76400
49,69400
39,63000
56,137500
51,6400
36,13600
49,127900
31,17200
31,-38200
31,38200
47,37300
74,6400
45,6400
48,12600
22,63900
47,297800
1,7800
59,6400
38,106400
1,7800
41,13200
47,101800
32,101800
18,53300
55,101800
42,101800
48,91800
49,9500
38,6400
33,71800
65,101800
48,6400
37,14300
65,477900
5,9000
49,54900
49,256400
32,8500
70,26300
70,12700
37,161700
25,22300
25,264800
76,61300
39,6400
27,80400
27,-78300
27,78300
27,-71900
27,71900
24,10000
24,250700
32,19600
56,140000
45,10000
45,109100
62,13500
64,6400
44,6400
65,11500
65,-11500
41,22000
35,20100
27,38500
47,135000
47,256400
69,21900
44,278200
55,8500
49,24600
49,52500
31,12300
38,6400
44,267200
41,26400
79,6400
79,-6400
79,6400
32,10300
55,106400
9,6400
13,12200
24,11700
49,66300
75,168300
40,3000
40,9100
60,15700
55,78900
13,20500
13,12200
10,19400
54,65800
34,13600
42,15600
1,29000
41,78900
40,6400
51,6400
10,35200
35,15000
45,78900
18,6400
78,137000
37,21200
91,20100
49,6400
44,29000
55,21000
55,-21000
55,21000
2,9900
38,15600
63,105800
54,9100
41,187900
45,8000
33,157600
18,6400
32,87600
32,20000
37,8500
41,471900
46,11600
44,77300
50,100000
37,4500
68,26300
37,94200
58,101900
3,27200
38,20100
51,78900
21,6200
47,74300
54,14300
51,62600
26,456400
26,124100
34,68800
62,24400
58,127900
78,107700
13,61400
16,127900
44,76400
61,62600
47,300
47,459000
30,205750
48,6400
69,14100
55,77900
35,78900
48,267200
43,271200
24,8500
34,24000
1,11800
31,21900
33,29100
21,10200
59,-257200
59,257200
33,14200
38,6400
41,78900
60,124700
33,83400
53,21900
24,38700
48,38700
47,108900
21,8500
22,71800
11,4500
41,15300
55,60500
25,271900
45,290400
59,7100
39,55900
49,15300
64,8000
40,8500
47,107800
4,24600
52,8500
58,74300
45,90800
45,16400
62,30100
40,11000
50,16300
49,20200
41,35300
72,15300
66,72500
66,256400
49,6400
19,108400
19,1000
7,13100
52,60650
19,24200
42,8000
40,21900
7,94100
40,8500
8,8500
5,6200
76,270800
47,93200
51,13600
51,256400
49,20000
41,59200
9,3400
46,96700
56,271900
4,22400
46,10000
49,141400
59,12000
41,71900
42,76400
49,123000
47,83250
38,61400
48,36400
10,10300
39,277600
36,30400
51,272000
51,7000
36,70600
35,77800
43,274000
14,90400
14,-98400
14,98400
10,12300
45,47300
21,67500
51,36600
78,47100
6,61400
55,88400
4,50700
52,11800
61,8300
4,-182700
4,37600
4,182700
70,78900
33,9100
36,12700
61,109600
56,61300
13,7800
62,256400
39,89800
38,12600
38,101800
41,231400
41,6200
43,101800
52,6400
47,101800
60,6400
53,101900
53,256400
48,6400
53,6400
43,6400
63,90500
60,6400
44,123800
34,225000
73,20000
32,8500
61,42900
18,6400
12,-124700
12,124700
35,201800
37,270800
34,49200
41,75200
61,217200
45,6000
49,95800
76,14500
49,20100
36,20200
42,10190
37,20000
35,127900
40,113900
53,26800
41,16300
16,6400
25,6400
53,22000
61,34800
42,25200
62,26600
41,6400
51,17500
55,6400
39,65800
40,6400
39,6400
29,6400
51,39400
16,-15000
16,96400
3,26800
60,109100
45,274900
12,300800
51,6400
51,-6400
51,258500
51,-258500
58,94400
10,10300
44,50500
36,29800
45,12600
13,17400
53,13800
60,19300
43,78900
40,78900
14,76400
38,6400
58,78900
38,72500
29,82400
35,108700
13,39400
37,10200
55,78900
38,265100
33,26400
39,10200
49,62600
37,101800
45,106000
62,97000
62,258500
32,270800
62,14300
78,6400
1,7800
55,101800
40,106400
57,91800
74,40000
57,101800
63,51800
55,101800
63,53800
59,101800
60,71800
35,104500
45,163400
45,272000
37,6400
37,-13600
37,13600
57,14100
35,29900
60,800
60,6400
53,112900
43,7200
68,101100
32,232500
32,50250
8,16400
41,9100
61,256400
61,-506400
61,506400
22,4000
22,12500
41,96400
59,6400
41,256400
27,6400
74,496400
45,9800
44,67900
39,6400
60,17800
44,20300
50,256400
7,8500
72,6400
47,65800
75,19300
49,26400
50,81000
41,12200
37,78900
17,13300
17,-36300
17,36300
42,6400
54,540800
56,12300
36,24300
45,35200
45,100000
16,127900
42,26400
37,20000
32,20000
45,20000
1,8600
15,11300
2,27200
18,127900
42,6400
40,256400
18,-15000
18,22000
18,6400
35,14800
36,78900
56,6400
56,135000
56,-140000
62,6400
49,9000
47,11200
0,14400
1,6200
74,277400
41,99300
59,13200
40,157500
38,6400
74,14700
46,118900
51,38700
35,107500
13,41300
9,9400
43,19800
41,8000
7,85200
4,4600
37,205400
58,74300
59,30800
4,17900
26,101600
45,60600
31,67500
31,6000
27,124700
24,8000
10,6400
8,14100
30,8000
33,96200
49,86300
7,8500
39,27400
56,37600
56,40200
35,8500
54,275700
41,22900
38,2700
56,88400
44,106400
62,5600
55,279000
53,19800
18,102800
56,65800
45,267600
49,109100
40,121500
61,109700
42,6400
44,6400
46,50100
50,90400
53,256400
10,8500
58,17800
44,78900
9,-13100
9,13100
9,6600
35,24800
50,10700
67,12000
47,108900
44,78900
30,6400
45,66000
50,81000
43,78900
7,12760
30,12000
42,369100
14,29900
53,15800
34,45700
51,17600
45,22800
49,6400
41,13800
36,60850
60,8500
37,107500
37,107500
37,-107500
35,26400
61,7200
30,115750
36,6400
52,113600
66,78900
58,78900
45,105200
43,96400
37,78900
35,78900
48,7400
4,8100
57,78900
75,6400
42,11000
52,256400
37,900
37,358700
37,-359800
37,359800
16,42500
9,6400
56,53800
64,18000
69,267200
45,74300
32,25300
71,90700
24,12600
34,138200
20,37900
31,6400
31,-78900
31,78900
35,10000
13,36800
52,107200
52,330600
26,17200
56,22300
36,12700
5,95200
48,90000
48,9100
37,12600
41,267200
8,17600
21,88500
74,34800
43,80410
74,13300
70,24200
29,272900
61,6400
36,122600
4,4600
30,102900
37,24500
29,10000
29,6400
44,20100
58,26300
50,8500
41,258500
11,9100
44,6400
12,155800
43,78900
32,6400
6,81800
46,127900
15,20000
34,30500
35,6400
42,11200
54,94400
54,9000
76,107500
52,6400
41,248300
46,406400
47,78900
5,56200
2,11700
33,6400
49,107500
41,23000
91,40800
44,197900
64,6400
68,6400
55,121600
43,6400
11,48600
52,6400
66,6400
66,19300
44,89900
44,-98900
44,98900
10,30100
63,12200
33,13100
55,27200
43,120400
52,246200
55,14800
37,6400
69,100000
69,256400
44,5300
37,268400
9,23500
37,74900
53,65800
37,34900
51,6400
51,6400
38,272900
37,109300
37,108400
36,20000
51,6400
68,6400
37,6400
45,16400
45,256400
47,6400
44,6400
41,12600
42,6400
65,6400
24,56400
55,106400
34,12400
34,12300
7,14200
7,8500
41,6400
29,11200
42,-31500
42,31500
69,11000
60,6400
56,86900
24,8500
47,87400
68,109600
72,271200
72,120400
44,23400
44,264200
72,6400
34,12200
31,13100
44,6400
47,11900
35,3000
35,13600
17,32300
28,39900
47,6400
38,106400
66,15590
46,173100
60,22300
30,76900
38,6400
37,41800
62,98400
39,272000
77,59400
77,256400
57,78900
46,256400
42,6400
42,323700
36,6400
67,17600
50,81000
51,27500
28,73100
17,16400
51,24900
14,42200
14,-42200
14,45500
40,78900
40,421200
5,46200
12,72000
29,20000
37,256400
35,20400
62,200
62,11400
2,17900
43,271200
61,13300
56,38300
5,59900
52,35300
9,-6400
9,6400
38,6400
64,78900
53,6400
40,78900
46,206110
41,10400
67,6400
35,78900
53,6400
9,12300
31,266600
62,13100
57,78900
38,6400
35,33500
41,8500
72,14300
72,101900
52,8000
64,200000
64,50000
20,10000
41,472900
47,26300
52,6400
45,76400
45,69600
66,6400
38,6400
11,96400
44,6400
12,6400
32,6400
41,14300
42,6400
68,6400
50,6400
55,-22000
55,22000
42,124700
60,6400
64,161700
61,3000
61,88600
54,4500
61,6400
52,13100
5,9800
41,37300
41,35400
46,19900
1,9800
72,6400
44,101800
45,10700
58,9400
61,6400
63,14300
22,15000
73,7200
11,38500
41,23000
6,36300
42,16900
50,350000
59,12000
59,-12300
59,12300
79,29000
35,90800
70,16300
55,20400
62,34600
36,5200
56,46900
60,32900
73,12000
4,9100
11,42200
36,6400
41,30200
11,26000
11,71800
54,131300
54,467200
55,6400
34,83600
41,138200
31,17300
56,6400
63,10400
43,13800
70,27400
70,31700
70,-31700
45,21900
39,59900
47,11400
20,531700
20,10000
59,63400
47,88450
59,100000
63,100000
52,106400
50,22900
36,14100
39,66000
63,21900
53,161000
10,38300
33,13100
13,45000
55,6400
31,13100
71,17400
40,6400
5,9800
35,6400
49,106400
41,102600
30,6200
30,469900
67,6400
76,109900
49,109100
49,106400
41,9800
33,9100
38,469900
38,6200
42,6400
26,16400
44,6400
78,39400
39,93900
61,279000
51,27400
49,12200
65,23300
11,48500
11,321900
63,29100
59,-51700
59,9200
59,51700
86,12000
43,6400
48,6400
59,21900
60,36000
60,170500
48,103700
48,-103700
48,66000
53,636700
55,14100
7,33500
45,100000
43,109400
73,19300
39,78900
41,78900
37,128500
49,23100
44,6400
46,206200
43,6400
41,39990
58,127900
49,127900
47,15300
1,35100
56,10300
46,69570
40,19800
56,76400
13,12200
44,64800
52,12300
67,120900
73,306400
73,306400
73,-306400
63,109100
36,5200
30,8500
43,113400
12,6400
10,6400
18,256900
40,21000
40,10000
63,4500
33,39400
65,79100
65,-74500
65,74500
4,45200
8,20100
58,256400
48,11100
54,13200
36,71900
73,19300
12,44300
55,38900
48,256400
1,9100
48,256400
13,60700
59,11200
65,65000
38,25600
53,100000
59,23000
6,50000
6,6600
76,8500
35,111500
56,6400
5,31600
57,78900
7,19000
44,10200
60,16500
46,104800
46,124400
49,97900
42,15700
56,146000
34,275600
72,8500
30,8000
29,4500
51,17400
38,101800
63,51800
63,6400
47,8500
36,101800
14,71800
36,71800
45,101800
48,91800
50,101800
17,105600
43,-8500
43,8500
35,8500
39,22000
38,8500
59,9000
39,14100
32,71500
22,10700
58,89200
50,106400
50,9400
3,13300
56,12000
72,106400
26,47100
34,4500
20,86000
51,30000
51,30000
51,30000
51,-38700
51,-36600
38,11000
49,483500
36,34900
23,9600
55,78900
65,79100
52,10000
52,456400
36,45000
51,74300
1,61100
32,10200
42,106400
25,6400
61,6400
38,12600
36,6400
32,27200
39,9800
49,2900
49,-2900
49,184600
48,106400
29,22000
56,137500
40,11100
40,8500
27,20000
49,26300
31,17200
24,11700
76,6400
46,112900
54,120900
23,9600
68,279000
42,279000
19,14100
31,26300
7,21100
57,20100
58,65600
12,55200
10,60500
51,10000
41,6400
18,8500
35,14100
60,108500
46,12600
53,6400
43,109900
47,76400
44,101800
35,121500
35,456400
18,35800
17,10500
66,12000
74,471100
62,25600
59,88400
46,121900
31,65800
50,16300
32,46200
59,10000
1,7800
27,12600
42,136000
60,10700
74,6400
11,4500
2,13300
52,3000
52,84300
34,41700
34,15000
51,141200
36,12600
65,67310
71,26300
51,6400
59,6400
46,12600
42,99800
42,300900
42,-350000
42,350000
41,6400
8,256400
8,52100
52,12300
47,15300
42,52300
26,78900
44,80000
45,76400
60,39200
69,76400
44,27700
40,9100
56,6400
58,45990
58,-45990
58,45990
49,108000
46,101800
59,197400
51,26400
51,14000
20,85200
41,102100
62,4500
31,29800
35,22900
17,101800
13,101800
18,86400
18,6400
18,-86400
56,6400
63,12000
7,13100
74,456400
48,106400
43,78900
44,11400
48,6900
35,6400
40,51800
36,21000
45,58400
45,17200
13,24300
55,101800
43,101800
36,20000
55,23400
45,78900
9,32700
45,78900
51,-6400
51,6400
35,8700
53,6400
75,14100
42,472800
16,12100
63,49000
63,12500
81,45700
63,85200
50,9100
57,14300
35,6400
22,17400
40,78900
69,43100
29,31200
48,479000
38,70000
38,22000
5,4600
53,21200
65,6400
48,6400
48,-76400
48,76400
37,9000
72,19300
29,9400
57,6400
35,94500
47,456400
47,15300
72,6400
46,66500
39,72100
56,40000
45,100000
47,138400
35,147400
61,14300
6,131600
1,18100
48,15000
55,62100
76,6400
35,10300
39,3200
38,17600
59,6400
43,155800
1,42900
29,456400
78,120600
40,8500
40,120400
54,37700
12,16300
46,13800
2,16600
60,13000
39,35100
55,101600
55,150000
55,-158500
55,158500
20,200
40,29000
45,23200
41,13600
40,74300
60,8000
40,21000
58,107700
52,26400
46,6400
31,15000
61,62300
38,101800
55,101800
40,106400
40,-101800
40,101800
60,13100
37,29000
48,10000
48,6400
69,92300
75,14400
52,8500
43,24000
53,11000
52,6400
28,94400
33,8500
10,13100
39,78400
57,78900
46,64800
46,-71800
46,71800
32,101800
52,91800
40,101800
29,38900
29,342100
42,9500
57,932700
46,5600
2,21500
19,22900
19,456400
45,19900
41,488800
52,16600
4,14600
57,12500
56,20100
38,101800
40,101800
32,101800
47,106400
44,101800
55,101800
50,1900
50,101800
30,101800
49,101800
46,105200
45,23300
49,31600
41,6400
38,20100
38,20000
39,6400
41,155810
47,19000
75,14100
66,11200
44,26300
48,6400
20,488500
1,7800
52,91800
37,101800
55,104800
38,101800
42,101800
39,6400
53,101800
53,-104500
53,104500
81,22190
41,10400
55,6400
53,64000
5,47200
44,101800
55,101800
47,102800
47,101800
49,105200
45,105200
45,6000
52,91800
37,101800
66,135800
47,78900
65,127900
41,10400
43,149400
43,319100
11,44100
56,6400
40,6400
43,8500
14,6400
49,20000
49,12200
49,3000
44,6400
59,61900
48,6400
59,6400
49,71800
63,-1100
63,102900
63,43700
28,106400
47,27100
51,91800
51,75400
34,6400
55,19800
7,69460
9,12700
52,6400
5,4600
44,65800
54,106400
51,6400
33,78900
8,6400
7,6400
49,100400
32,109700
49,79100
76,6400
32,75000
32,1100
24,56400
36,39900
2,9800
65,6400
51,8500
2,7700
55,24200
31,25700
52,6400
72,19300
65,21900
65,6400
34,41700
28,76400
44,78900
35,6400
86,12000
31,21900
52,21900
35,22900
35,33800
27,37500
27,6400
56,6400
17,21000
36,6400
56,306400
56,-306400
56,306400
1,48700
68,24400
23,3000
31,256400
45,23300
40,6400
59,143300
81,14800
74,115600
74,-100000
74,100000
58,74300
64,6400
36,8000
46,70100
43,12300
43,12300
43,16400
66,135800
55,78900
58,6400
1,4600
32,101800
54,62100
44,6400
43,101800
57,78900
57,78900
57,101800
43,6400
47,81600
66,110700
62,456400
65,39110
48,109100
44,80000
48,6400
64,78900
51,37500
38,2700
38,18500
36,6400
38,127900
58,47700
32,109900
59,91000
72,31400
72,13500
32,6400
28,8500
27,94600
31,20100
59,163800
61,98300
61,22800
44,100100
61,20100
62,6400
16,6400
62,47500
38,98800
5,36700
37,74300
54,26300
52,28700
40,8500
54,173200
28,8500
57,271700
65,70100
62,6400
3,40200
66,10000
48,20100
44,21700
62,6400
68,65800
55,6400
12,25300
7,7760
46,10300
1,9100
4,4600
46,76400
59,6400
48,7400
65,6400
55,313800
55,-313800
69,126600
47,14300
48,3000
48,29400
75,32400
56,6400
34,9100
49,71800
19,34000
19,6400
37,9100
39,76400
30,79100
41,3400
41,6400
44,6400
41,96400
51,6400
17,18000
69,71800
13,22900
39,6400
42,23600
45,6400
1,17900
36,57000
46,108500
54,471900
56,22000
53,40100
35,106400
38,12600
49,6400
76,109900
30,9100
61,12600
49,106400
42,9800
42,7300
41,106400
44,8500
57,15700
59,23000
45,22000
18,10000
18,13300
47,306400
60,106400
53,6400
11,52400
41,12200
49,78900
12,35900
13,82200
36,6400
58,56950
46,78900
11,306400
43,99900
26,78900
38,4500
52,13300
45,101800
52,91800
65,101800
13,101800
32,110100
43,23100
42,6400
37,78900
44,106400
61,28100
37,72500
37,456400
48,39000
43,136800
46,76400
67,71800
62,60850
22,43100
59,101800
43,456400
43,59500
60,28800
28,78900
66,6400
46,75500
46,479000
33,138200
49,101800
30,101800
44,101800
44,101800
72,28200
72,-30400
72,30400
28,102900
38,59700
58,22000
58,6400
51,27800
65,74500
58,71900
10,110100
43,12600
58,79100
4,4600
24,61400
5,81000
55,8500
76,322000
76,-472000
76,417200
76,95200
76,-322000
76,-95200
76,472000
46,40000
54,9100
49,101800
42,75600
37,20300
19,239200
5,17300
9,19000
67,26300
42,21900
39,12000
24,34900
37,18900
5,6200
67,120700
57,9000
50,12300
72,21000
76,7400
33,69400
57,121500
57,476300
56,9000
78,17200
5,103000
56,70100
46,87400
43,6400
59,76400
62,82700
2,16600
27,137500
66,19300
43,10190
6,6400
77,44100
54,10300
51,71800
23,11000
49,18000
66,100000
66,100000
46,8500
38,6400
73,8500
44,67400
47,74300
6,21100
41,20000
73,76200
58,90100
36,59500
52,101800
10,14200
39,51100
46,22400
13,20100
13,30200
38,15300
47,17200
47,50900
56,8500
50,31400
5,10600
16,4500
56,29000
5,9800
36,-20000
36,20000
10,55100
56,78900
57,106400
15,42400
55,13500
51,9300
20,221900
25,8500
52,91800
9,6400
44,101800
49,91800
49,91800
49,91800
49,-101800
49,225000
49,-250000
49,-101800
49,-101800
49,91800
79,21000
61,6400
10,26300
41,26400
45,141300
49,25500
42,8500
49,6400
55,39800
37,8500
42,96400
61,26500
73,926300
38,106400
61,456400
61,123700
36,14700
58,20800
59,178400
9,43700
34,16400
49,106400
57,21600
49,250000
49,264200
49,-507800
68,6400
24,11700
25,55500
53,456400
53,-456400
11,76400
54,64200
34,4500
49,507800
49,258500
49,436700
49,-436700
1,7800
64,10700
40,21900
27,100000
11,54600
58,74300
51,154800
42,3000
42,28100
29,37400
4,-13900
4,13300
4,13900
23,45900
10,16400
44,29000
47,21900
10,16300
45,120400
42,24800
46,101600
35,44100
3,16000
44,21900
46,26300
13,16100
38,162300
9,17500
48,8500
50,118900
31,11600
63,26300
44,47100
43,6400
26,15000
78,256400
78,114200
63,6400
35,9200
55,19300
1,16600
54,20000
46,62100
73,90500
73,476300
73,-926300
45,6400
23,9600
78,8500
55,14800
9,17500
78,-456400
78,456400
78,456400
78,-456400
78,508400
6,14200
1,7700
6,35800
30,79100
5,9000
24,22000
68,170000
52,66000
47,94400
48,37400
15,24600
31,90300
22,10900
45,12600
57,12600
52,107500
60,137500
53,21900
53,78900
53,12100
47,6400
76,72000
25,6400
11,24800
18,6400
74,6400
28,26400
60,20100
43,21900
48,8500
47,35800
39,6400
84,6400
42,57000
49,6400
75,12300
76,101700
57,6400
66,28700
40,8500
40,100400
64,16300
33,124800
33,94800
33,-124800
40,89100
3,7300
32,19900
68,20100
10,6400
10,-55100
10,54400
63,71400
69,23300
45,112300
61,6400
31,6400
45,15850
63,82200
47,76200
75,14400
45,7400
43,6400
46,8500
28,101800
74,5400
74,195000
0,12000
61,6400
32,12400
35,96400
62,6400
42,471200
45,142500
6,74900
44,632000
40,6400
46,16300
41,12300
53,66000
39,471900
44,82000
68,167400
68,475700
61,250000
74,27400
57,107700
30,10000
20,16400
57,14300
49,39300
45,176300
66,79500
26,34000
5,9000
22,11000
47,108500
63,15800
44,8500
55,13500
39,66500
51,92400
25,6400
32,15000
55,68300
26,78900
50,2900
66,100000
45,48200
41,11400
49,14200
43,12600
47,6400
46,19800
75,14400
42,7400
37,79100
39,8500
48,6900
52,458500
72,109900
65,53500
47,74300
72,9800
38,-472000
38,472000
75,20100
78,40700
55,107500
78,17200
46,128600
57,86100
55,101800
52,91800
47,101800
45,105200
45,108000
49,91800
42,91800
52,91800
38,101800
13,101800
44,101800
33,470900
39,18000
61,8500
44,22800
19,14100
62,62500
45,12300
49,82600
51,6400
65,8500
47,12000
33,62000
1,48900
40,463300
32,111800
45,20300
59,8500
68,25700
45,101900
39,27600
40,58500
40,6400
43,6400
44,474000
44,-528650
44,528650
53,107500
45,128000
42,25000
38,8000
41,126400
28,21000
28,14300
18,20000
54,26300
58,66600
52,6400
33,9100
61,122900
48,6400
49,71800
35,21800
35,115200
58,77500
54,34600
6,20100
45,37500
48,6900
63,476300
52,150000
52,-167100
52,167100
59,24200
18,30400
36,24800
55,35000
38,71800
36,74800
55,6400
27,44900
31,10300
1,7700
46,90300
46,83100
46,-90300
11,168300
65,16400
35,6400
1,43300
30,15000
21,15000
65,79100
54,88700
54,-80400
54,80400
37,106400
63,93100
63,315100
15,69600
46,114300
6,20000
41,11000
11,139700
41,20000
25,16300
45,105200
46,151800
30,101800
46,2700
46,101800
41,101800
30,101800
44,101800
37,101800
52,91800
48,91800
48,2700
45,14500
11,470100
11,47100
60,17700
33,17600
50,5600
11,45300
71,123000
30,6400
77,14200
38,472900
38,13000
59,9400
46,8500
48,65800
45,57400
36,32600
49,6400
39,37600
37,109300
72,472000
44,101800
37,101800
76,6400
46,120400
59,6400
34,256400
67,20100
35,19400
41,6400
65,14000
39,70800
40,12300
42,99100
41,31490
41,-33900
41,33900
39,6400
60,159600
46,6400
47,10000
57,34300
68,456400
16,78900
52,91800
5,93300
50,101800
52,6400
42,79100
52,8500
56,20100
69,138600
44,12200
61,21200
8,16600
8,-16100
8,16100
48,30100
38,108900
74,6900
63,17300
56,6900
55,299100
55,-299100
64,276900
18,56700
2,158000
31,36000
42,6400
49,286900
44,279000
65,83250
4,45700
43,6400
38,-162300
43,11990
1,37600
1,4700
42,60300
4,61900
21,70800
4,4600
56,119500
44,170600
53,6400
41,78900
38,30000
38,467600
38,9400
47,456400
20,17200
33,13100
39,78900
62,10700
86,12000
3,4600
56,101800
37,8500
1,9100
60,101600
55,45700
48,-105200
48,105200
82,26300
42,69100
56,10300
55,6400
49,32300
72,123300
2,9800
23,24000
55,78900
27,177500
49,78900
42,17400
48,6400
61,256400
61,68300
47,20100
39,5600
50,5600
49,6400
45,6400
23,42700
9,14200
56,8500
46,271900
40,26300
14,313200
47,10000
22,15300
49,526300
60,74300
46,142600
46,77900
65,344400
19,11370
19,12300
19,-12300
66,25300
18,128900
60,28800
42,256400
6,66000
47,6400
43,72750
51,6400
39,12600
46,109100
41,5200
23,9600
30,8500
37,10950
49,25300
55,17200
47,36200
40,21900
36,20100
65,68750
41,29200
12,15000
12,93300
52,108500
39,17200
33,21900
77,459300
59,97100
31,22000
58,-9400
58,9400
51,15100
27,20000
37,20000
37,456400
58,127900
13,45000
76,626300
76,101900
75,14100
40,74300
48,10000
29,10550
53,120700
1,7800
36,256400
36,71900
37,78900
40,101800
42,69400
47,101800
47,101800
57,88400
43,101800
48,138200
51,28000
45,94400
18,6400
18,-16400
18,16400
82,77200
53,20100
50,350000
65,17600
89,48700
6,38300
28,34300
53,76400
65,6400
47,8500
1,10800
38,10000
38,6400
16,100000
13,14200
7,94100
28,25900
68,34600
24,225000
6,49100
11,26300
46,26300
40,22400
54,6900
29,19500
33,9400
63,6400
35,6400
18,26400
59,25200
39,76400
62,13400
36,17200
48,106400
55,12600
42,356400
55,29000
44,27400
50,5600
66,74300
17,37600
77,601500
35,22900
69,75800
38,4500
24,25500
28,17600
38,11900
55,6400
40,66900
36,15300
43,15300
39,9000
33,33800
61,6400
59,109900
47,11000
77,12900
64,69400
57,76400
7,45700
11,-4900
11,24600
11,4900
55,6400
46,6400
60,12100
37,456400
37,101300
46,12600
47,109900
72,6400
41,6400
12,3000
12,12200
62,78900
39,126400
49,106400
7,13100
41,12300
35,6400
57,66000
12,12000
1,4600
63,16400
30,101800
46,24800
32,8500
33,117900
34,108500
38,30000
0,45600
46,10000
8,74900
54,14300
51,6400
29,13790
15,6400
3,16600
69,33300
6,19800
43,136800
7,42100
40,14300
63,7400
46,19100
38,6400
0,19800
79,20600
74,11800
58,170200
58,34600
69,4700
60,41600
57,26300
64,471900
13,47900
48,471900
48,56200
24,21900
47,23400
61,15500
27,77700
44,140900
48,74800
52,10400
46,19100
35,61900
53,51900
64,150000
9,20100
15,123500
24,105200
24,-105200
24,105200
24,-104900
24,104900
46,101800
47,78900
50,6400
30,14300
57,66000
57,48500
2,10000
53,30800
59,66000
56,26300
37,141300
34,66000
37,11000
26,49900
45,17400
58,38200
35,30000
46,212810
28,71800
74,-635200
74,635200
74,635200
74,11000
35,127900
28,31100
10,3000
10,35100
61,14100
46,66000
47,22900
46,20000
33,137600
37,78900
39,78900
40,6400
55,59300
41,196400
51,19400
55,78900
64,18000
63,8500
43,30000
40,79100
21,6400
39,15700
60,20600
57,101800
36,472000
38,6400
79,51900
2,22300
13,101800
38,101800
17,101800
13,101800
38,106400
40,6400
40,139500
5,94000
54,4500
45,6400
57,6400
54,40000
63,26300
24,51800
66,150000
46,9400
47,108900
66,15300
31,41900
68,37300
55,12700
39,4500
43,9100
72,109900
45,4000
54,24800
82,72700
1,9000
53,109100
68,88600
46,127900
49,24400
39,20900
51,96400
50,150000
33,20600
5,37900
39,52100
44,6400
41,12300
39,6400
70,98900
54,66000
60,2700
60,608500
48,12600
52,155600
62,138000
46,8500
33,6400
77,112000
45,6400
58,19300
62,6400
60,201300
1,7700
57,9000
25,13700
45,88600
39,6400
68,36400
63,79100
39,27700
46,106400
35,21900
46,109800
46,800
4,10600
25,121700
44,106400
34,181600
34,-195600
34,195600
75,12100
33,42000
26,78900
49,26300
22,8500
25,14100
43,6400
69,7200
27,80200
48,78900
48,71900
48,-78900
36,58400
12,85200
73,101800
2,4600
50,20000
46,115750
46,-127900
46,127900
58,78900
2,11900
73,6400
55,10200
44,27700
34,7200
34,456400
59,6400
70,6400
75,14300
46,465500
59,6400
61,6400
48,112600
48,13800
33,149800
34,17500
34,-18500
34,18500
62,66000
44,10000
28,10300
46,127900
38,27700
40,148900
38,8500
63,8100
46,34100
30,15000
22,15000
89,16200
63,8500
67,6400
43,8500
59,479000
40,31800
46,12600
44,20600
45,73000
42,7400
46,40100
46,9400
6,21900
39,107700
34,8500
49,8500
44,51900
59,150000
53,150000
52,31900
60,39000
49,20000
48,86400
45,20100
52,503900
2,14000
21,20000
42,170000
43,68300
50,33900
38,101800
47,101800
65,83100
65,85800
55,126400
50,11200
60,62100
55,6400
2,37300
65,67100
5,25900
20,34900
30,12600
51,9400
50,12600
44,29000
36,115000
60,74300
41,8500
27,31900
59,134200
46,90100
37,9100
33,286400
44,108500
51,108500
40,22900
39,107700
69,76400
38,8500
47,-281900
47,281900
47,251900
58,81800
57,6400
40,456400
65,11300
13,61400
13,13100
56,51700
30,115750
3,34100
55,6400
35,49800
59,-476300
59,476300
36,8500
35,112900
48,146400
9,14100
40,6400
69,92350
46,106400
46,69400
59,76400
82,6400
46,76400
49,78900
8,12700
24,6400
37,14300
46,71900
49,78900
46,58500
61,60850
13,12200
63,6400
38,101800
47,116700
31,101800
58,6400
63,10700
47,10300
76,6400
44,6400
7,11400
5,35700
28,78900
12,13100
11,6400
62,464100
62,552000
62,-464100
66,456400
66,10000
10,6400
57,24400
53,8500
47,108900
4,51100
40,22900
65,9100
69,321200
11,24000
35,6400
37,59700
35,8500
64,3200
30,156400
48,127100
48,44600
37,6400
55,66000
39,72700
39,-72700
39,65700
45,106400
40,26400
57,6400
52,6400
19,7400
35,127900
76,6400
4,4600
31,27700
50,15000
48,89300
54,66000
56,6400
39,76400
25,28400
27,146400
60,76400
50,7500
50,-7500
50,70900
16,106400
63,24300
32,456400
32,20900
62,61000
55,6400
54,128100
54,116100
54,-128100
40,101800
72,123300
63,101800
26,72100
60,4500
60,6400
21,3200
55,14400
81,21200
45,101800
30,101800
49,101800
46,101800
46,105200
44,91800
48,101800
49,24400
47,101800
45,91800
47,18900
52,91800
13,101800
40,16300
47,6400
50,6400
44,104500
34,3000
34,101800
49,25300
46,105200
45,101800
34,10000
66,101800
25,67200
84,6400
14,256400
7,54600
36,17200
49,185600
52,8000
14,64800
30,11200
4,16000
40,74300
42,67300
42,60000
26,94400
48,6400
56,1000
56,20000
23,12600
27,81100
27,153500
73,23300
73,7200
73,-23300
62,30000
60,6400
26,35100
26,467200
66,66000
65,115400
47,90100
10,35100
51,138400
49,6400
36,6400
44,11400
41,27900
72,55900
8,12700
35,6400
33,78900
36,62400
31,18800
27,456400
56,6400
47,66000
54,76400
44,9100
58,6400
49,66000
6,28300
75,17600
55,12600
29,20300
29,119200
52,6400
38,470100
38,-470100
49,179600
64,16300
42,43400
55,1500
65,306400
43,26400
42,7400
50,81000
47,89900
47,88600
59,16300
57,56300
38,65800
52,91800
38,101800
64,101800
45,101800
40,101800
40,3000
28,22000
8,6400
57,78900
72,17200
41,11400
28,57500
33,16300
28,6400
67,108500
47,8500
33,138400
64,56400
43,6400
60,6400
54,6400
55,10300
45,4500
41,74300
41,85600
57,9000
69,110400
5,113900
53,94200
33,40000
6,20000
1,20000
43,8500
4,21500
36,-57000
9,6400
55,101800
47,101800
44,121800
44,101800
42,101800
38,8500
38,9400
34,9100
5,16400
61,9100
46,415900
46,-101000
46,-472800
46,99500
41,6400
35,6400
74,2700
72,456400
2,13300
51,6400
13,471900
11,8500
50,16300
16,74500
75,94500
76,6400
57,9100
6,19800
7,30500
68,13500
37,472900
66,6400
26,48500
63,88600
8,116400
66,69000
64,69400
11,10600
46,11100
68,14300
37,456400
40,22700
46,134000
44,115750
49,456400
49,10000
41,121800
7,49100
82,20600
44,120100
10,11700
68,6400
76,6400
17,79100
45,29600
75,9200
75,11700
2,35000
36,6400
12,16100
12,12000
30,6400
27,11400
13,19800
31,10700
9,39500
9,456400
34,4500
59,51700
60,-39200
68,169700
55,101800
47,101800
49,102800
52,91800
49,91800
36,71800
66,100000
66,-11200
50,101800
48,91800
43,136800
49,-9000
49,9000
49,5600
50,12100
38,12600
41,101800
38,10700
42,7200
32,120700
18,88500
25,95900
39,30600
32,63000
32,320100
47,70000
30,12600
45,96400
54,106400
11,14200
57,34900
9,15300
39,15700
39,6400
5,20000
39,96400
63,6400
41,23000
41,6400
73,21100
11,27400
46,15100
50,27300
46,106400
56,6400
40,6400
56,78900
47,78900
5,4800
35,29400
51,110210
38,66000
66,100000
66,-11200
71,371200
71,434200
71,-434200
52,8000
56,8500
49,150000
47,62100
24,38000
59,6400
8,52400
1,9100
64,6400
66,6400
53,6400
57,101800
57,78900
44,78900
35,78900
18,20000
38,106400
60,101800
40,101800
55,30000
17,105600
60,1700
60,6400
47,82800
3,57100
48,104500
48,-104500
48,96400
48,101800
57,101800
44,105600
31,101800
33,109000
49,26300
43,8500
33,76400
37,104700
44,105900
50,72700
51,6400
58,6400
50,101800
48,104800
32,46400
48,8500
20,88500
48,20000
48,121800
46,71900
54,78900
40,148900
5,9800
60,26400
25,22100
12,18700
5,30800
46,6400
73,61570
37,456400
37,56200
63,40300
44,6400
49,6400
38,12600
76,6400
61,110400
6,9800
50,6400
46,6400
62,6400
47,103000
47,-79100
47,123000
47,-99100
47,99100
13,61400
27,6400
39,6400
29,472900
29,322900
29,-472900
46,101800
35,14300
35,25700
67,88600
63,29000
47,168500
37,110200
35,77700
49,94100
56,6400
14,12200
65,29900
51,106400
63,456400
32,456400
54,4500
54,101800
45,91800
17,101800
50,101800
57,479000
37,467600
13,2700
13,67900
1,31500
49,17800
40,6400
35,20100
63,33500
63,-24900
63,24900
53,91900
31,15300
34,29000
39,17400
56,83700
13,8500
60,8500
52,42500
46,30500
36,6400
68,64950
63,85200
47,-30900
35,91800
1,16100
18,9400
56,12000
55,78900
8,12700
11,13100
56,12000
52,467600
40,471900
19,27400
68,22000
58,66700
29,88000
21,472900
11,26300
12,6400
12,-15000
42,24900
69,110400
11,5600
41,13500
16,95600
21,20100
75,13700
82,9000
24,49900
48,6400
36,10700
39,133600
31,10700
42,6400
42,16400
52,464100
52,62500
35,22100
75,25700
63,221900
53,6400
20,6400
9,24800
24,6400
46,106400
46,3000
27,33600
58,96850
38,101800
48,101800
63,101800
46,101800
44,136800
30,101800
48,101800
55,101800
55,-101800
55,106400
40,101800
37,101800
57,101800
50,101800
72,101800
55,6400
46,17800
4,33000
16,8500
52,66000
44,88600
42,93800
42,27400
14,73800
57,6400
53,8500
58,121300
54,6400
54,4500
5,31100
7,9200
46,21000
6,10000
46,6400
67,29000
51,6400
52,3000
52,29000
52,-479000
52,479000
56,100500
36,185600
58,6400
41,15300
50,12600
51,29100
51,8500
47,8500
37,14300
35,24300
45,6400
66,6400
56,9000
53,130200
40,81500
34,300
34,21900
18,6400
44,6400
33,20000
65,24500
48,18700
58,94500
50,9000
13,18000
39,15700
43,78500
60,11200
22,15000
46,65500
46,329000
61,329000
25,11100
37,78900
31,10000
42,6400
47,15300
59,6400
63,10700
36,101800
46,105200
14,71800
17,101800
50,101800
45,101800
66,100000
41,49900
41,-49900
41,49900
40,20100
57,62600
74,10000
55,14800
52,538300
69,23300
65,42200
40,26600
36,109800
65,129400
70,6400
24,59700
50,81000
62,59500
62,479000
55,101800
55,6400
14,9400
40,6400
69,6400
28,76400
65,6400
62,16000
6,6400
73,106400
51,6400
31,456400
31,2700
46,6200
46,6400
42,7400
48,9100
39,6400
75,14300
39,6400
38,8000
34,8500
58,74300
40,25700
44,456400
44,101300
44,456400
28,78900
36,109500
34,19800
52,71900
52,6400
44,107700
58,107700
38,107700
56,6400
42,7300
57,131500
1,5600
47,33500
46,80300
41,27400
52,83450
39,24800
35,6400
32,6400
45,12300
24,51800
7,13100
46,88600
41,14300
76,18000
63,456400
52,17600
45,64800
39,98900
48,54100
23,9600
51,71800
26,11900
72,8500
65,26300
50,5600
12,12600
42,6400
52,6400
42,9800
54,10000
54,4500
25,21000
46,8500
46,122700
41,27400
6,470100
6,20300
38,19700
50,5600
38,75200
35,11900
47,71900
37,78900
74,66000
62,14300
38,83450
38,13500
63,54300
58,34100
50,5600
40,78900
58,79100
40,6900
54,29000
7,21400
24,28600
24,68800
34,18700
38,109800
37,8500
36,107700
51,96400
46,21900
65,71800
62,6400
70,73600
39,76400
49,65800
66,79100
47,78900
41,79900
45,19800
54,106400
38,6400
61,6400
68,487300
68,103400
41,11400
47,78900
48,16300
33,107700
64,6400
3,9500
5,30600
1,12100
7,21400
26,12000
64,12300
75,6400
60,4500
63,150000
67,109600
53,79100
42,6400
63,101800
22,106400
41,96400
41,-106400
41,96400
60,6400
61,38100
34,-467600
34,12600
34,-6200
34,473800
50,6400
49,109100
45,26400
39,9100
63,17300
8,19500
35,12100
43,256400
74,29000
46,6400
37,17600
43,78500
40,27400
1,4600
38,101800
55,101800
40,101800
55,106400
47,101800
43,101800
30,101800
49,101800
45,105200
46,151800
46,105200
49,101800
37,86800
60,100800
48,101800
45,71800
74,23300
30,6400
34,6400
44,106400
53,132000
33,6400
39,6400
44,6400
81,10000
67,106400
36,71900
38,78900
52,6400
52,100000
53,6400
48,106400
60,8500
11,42200
44,6400
11,25300
11,-26400
11,26400
60,150000
81,120600
16,31100
58,23200
24,472900
52,6400
52,24300
40,106400
52,20100
62,11600
34,91900
53,456400
53,-456400
24,456400
67,29400
57,66000
46,64800
57,78900
60,62100
48,6400
45,73000
76,11700
55,24600
63,111500
63,-109400
63,109400
44,29000
40,144750
41,8500
55,71100
40,106400
45,10700
59,17600
37,25300
26,15000
26,-30000
26,30000
44,78900
46,115800
68,14300
75,14300
13,106400
89,27600
57,9100
7,28400
69,9300
33,10700
44,36200
50,101800
50,106400
63,29000
57,37500
38,20100
17,74500
54,68800
36,83100
50,469700
39,101800
39,6400
39,-8500
43,76400
48,76400
49,134000
46,32900
40,23800
33,6400
41,22500
44,40100
42,7200
13,6400
58,64000
51,76400
52,6400
63,59100
54,116900
54,12700
58,127900
39,72100
39,-79100
39,79100
47,41400
64,78900
52,21700
53,11000
12,19000
66,84900
41,117600
53,26400
50,22000
46,109800
64,110000
64,250000
35,16400
67,6400
70,98900
65,37750
45,21400
45,106400
44,78900
65,25900
67,66000
6,32000
17,9100
47,456400
47,-456400
47,456400
47,10000
53,9000
46,13200
34,23600
59,55800
46,8500
54,78600
32,6400
27,96400
46,206110
46,133500
41,6400
44,12200
36,6400
35,101600
54,81900
47,13800
46,6400
40,10400
50,5600
49,456400
33,86800
33,-87800
33,87800
32,6400
58,57310
54,151600
30,36400
55,24000
42,123600
38,4500
47,6400
37,78900
11,30100
62,6400
55,9100
49,13500
58,55400
45,9400
45,-11500
45,11500
49,30500
46,8500
59,112000
45,8500
46,27400
48,86000
1,7700
36,183600
42,126600
7,131300
56,8500
83,14100
60,8500
35,66200
18,6400
13,56400
37,104700
12,12300
37,4500
42,6400
60,109800
57,6400
35,78900
45,127700
61,12600
42,8400
44,12100
53,10800
42,133100
61,128700
54,11000
54,11000
50,36600
56,37500
45,100800
40,82000
25,6400
58,78900
49,29000
73,11700
44,2700
44,458500
40,76400
36,38500
36,12800
46,78900
65,8500
51,29000
47,27700
1,8200
60,10910
46,14300
48,101800
27,6400
58,71800
59,6400
59,-106400
59,106400
11,461600
56,6400
56,6400
36,6400
50,150000
56,66000
48,6400
13,26100
49,127900
26,106400
56,78900
56,62100
59,6400
40,2700
40,111800
7,28200
75,23300
61,62100
59,59500
35,8500
21,31800
49,88600
45,20300
45,34900
9,127400
39,62500
54,21400
38,8500
17,25200
44,6400
38,106400
56,14600
68,456400
44,21400
44,22900
39,106400
46,10000
45,10700
8,13100
40,48500
37,14700
40,6400
50,101800
52,91800
45,101800
47,78900
12,109700
12,73000
11,14200
11,30300
68,29000
68,8700
32,156200
30,471900
50,21200
40,20300
11,21400
46,154100
57,11000
53,20100
40,457800
48,6400
35,31900
40,20100
35,28300
25,16300
21,72100
34,6400
5,9800
48,16300
42,4400
42,117700
45,13600
9,16400
40,23400
66,77500
1,8800
52,13500
40,107700
35,10300
59,31700
31,20100
17,4100
61,66000
60,120900
69,8500
66,6400
66,74300
30,16300
66,68600
53,6400
24,111900
56,8700
35,89100
33,11100
39,4500
55,193800
47,68000
14,64800
48,9000
56,21900
14,25700
65,151800
38,101800
39,101800
44,101800
38,101800
63,51800
32,101800
64,64800
47,101800
44,101800
39,101800
17,38500
65,72300
34,126400
50,16300
38,78900
57,6400
50,106400
31,9100
13,227900
62,62100
54,21300
40,6400
38,101800
68,101800
47,17200
40,101800
37,78900
59,106400
41,1000
41,26400
43,11700
41,11400
34,20100
33,9400
30,13300
6,13100
49,20000
54,20000
78,6400
62,413100
36,30700
19,40700
41,18000
59,8500
59,46100
34,10000
65,6400
39,10300
60,6400
53,141800
57,101800
38,101800
39,101800
34,101800
44,106000
37,101800
40,79100
69,13900
57,467600
38,137300
35,6400
43,103400
43,456400
37,6400
58,6400
36,36200
25,78900
53,113000
53,3400
36,77500
48,8500
59,46400
76,3200
77,109900
43,71800
65,33500
39,101800
30,101800
47,30700
50,94300
51,101800
26,101800
46,105200
15,71800
49,101800
50,101800
66,101800
45,101800
52,91800
38,101800
65,101800
51,78100
63,97000
63,456400
41,33100
45,101800
43,78900
71,8500
24,8500
40,6400
54,6400
49,16300
49,8500
57,78900
50,6400
24,86400
67,62100
44,106400
1,21700
47,78900
44,-1500
44,1500
34,15800
53,14300
47,14300
81,20600
47,8500
53,12100
28,15800
2,29800
2,15200
40,148900
17,306400
17,4300
73,57400
47,6400
37,66000
45,141800
54,101800
37,101800
45,20600
64,56400
43,1000
43,20000
43,465500
40,7200
58,8500
22,90100
51,21900
51,14700
27,16900
50,58500
52,6400
77,6400
60,23800
46,10000
34,49400
63,6400
27,25300
65,26300
52,13500
42,134000
62,2700
62,101800
52,73000
42,11400
27,8500
35,78900
11,16400
43,66000
80,49000
7,22900
58,6400
76,25300
46,19100
60,31800
47,6400
18,18900
18,14200
3,9100
53,71900
55,6400
49,78900
50,14200
64,79100
47,108900
13,196400
10,41400
39,4500
41,11400
47,22000
37,81900
48,14300
44,20600
70,38900
42,20100
60,68900
46,101800
48,10000
42,137400
43,8500
49,151000
49,16300
44,8500
45,42500
16,293600
12,42300
37,33000
65,79100
47,26900
47,70000
43,101800
47,101800
44,109100
44,-104500
44,104500
35,94500
43,136800
28,606600
42,8500
32,116300
32,475700
22,23400
7,21200
34,6200
34,467600
45,121400
45,96400
66,6400
61,18900
30,6400
46,66700
40,12300
47,8500
40,7200
11,13100
38,6400
41,6400
26,66000
32,8500
58,72600
55,58700
28,19900
55,6400
22,52600
28,23900
34,6400
40,16300
34,6400
59,6400
49,16300
59,39800
33,12400
41,16300
41,6400
20,27400
38,6400
11,6400
11,8500
52,91800
32,34800
44,101800
40,6400
47,11400
72,28600
8,46600
60,8500
41,130700
41,-132900
41,132900
59,122500
57,8500
42,8500
54,8500
36,22100
27,26700
15,26300
56,6400
43,262200
61,12600
61,9100
61,-12600
37,101800
51,4500
47,39100
47,470100
61,90800
61,458500
6,39500
37,71900
41,48500
75,17700
48,122500
52,69600
52,3000
34,467200
31,26400
51,89300
53,458500
53,45000
48,8500
48,100000
40,69000
55,17600
63,75200
6,100100
45,78500
10,17600
43,100100
28,4000
48,107500
3,4600
39,306400
40,10300
48,6400
24,76800
13,20100
41,6400
47,6400
9,91900
42,40000
38,10000
50,31700
67,82100
67,74800
67,-82100
41,29000
41,15100
41,459000
51,66000
66,8500
62,88600
45,29000
52,62100
11,28200
17,74500
10,39900
37,27400
6,37500
8,78400
43,14400
47,8500
31,42700
61,76400
63,6400
34,72200
43,3000
43,6400
54,101800
6,19800
50,74800
54,20000
39,16100
39,34600
39,4500
41,231300
41,22900
41,13500
55,70000
54,78700
53,74300
44,63600
77,6400
60,2700
60,467600
52,8500
52,20100
60,6400
59,8500
48,22700
36,8500
27,18100
69,4700
34,27000
34,306400
58,33800
42,70650
62,6400
38,6400
53,6400
57,6400
44,107500
34,12600
53,6400
57,106400
62,4500
73,8500
10,6500
40,101800
40,13800
48,8500
44,159400
39,106400
40,101800
45,101800
48,101800
37,127700
41,94900
55,39800
44,9600
44,9600
44,-4500
73,71700
60,110400
58,136000
72,6400
72,25700
71,6400
38,101800
64,51800
39,101800
24,101800
47,101800
39,101800
39,101800
44,101800
68,71800
26,101800
31,57500
51,106200
46,103400
43,26300
44,117300
51,106400
36,53300
60,8000
57,6400
37,90000
74,6400
36,6400
4,21700
53,22700
40,138200
3,46900
39,55100
62,146000
47,106400
30,70300
56,136100
49,26300
37,74300
33,76400
64,276200
64,95200
52,15400
37,6400
66,149100
67,88600
36,121600
36,8500
7,56700
60,6400
30,121800
47,6400
64,82200
35,106400
72,35700
66,134800
48,71900
44,12200
36,6400
41,6400
45,35200
13,56400
25,19700
59,26300
23,172030
73,109600
44,6400
38,6400
45,6400
58,165400
37,106400
56,738500
46,159400
67,18400
35,20100
54,6400
58,20000
39,101800
30,101800
46,101800
59,19800
39,76400
33,12600
11,15500
50,76400
41,41500
67,8500
59,147500
14,57700
22,56800
3,41900
59,26400
70,31900
37,6400
43,118500
52,92100
41,30300
46,65900
63,12200
71,66000
58,57310
58,72100
50,61400
65,17600
59,76400
11,21400
49,456400
44,9600
21,3200
47,71800
55,-456400
55,456400
39,20000
41,6400
11,53700
63,98000
41,6400
70,53600
10,58400
22,89900
43,71800
81,120900
3,39700
35,11700
68,222800
39,29000
60,12400
53,6400
54,16200
37,6400
7,21400
74,23300
11,456400
11,73500
46,106400
41,78900
13,36100
38,106400
49,6400
46,217710
60,9100
32,92600
37,17800
64,16300
36,90000
36,6400
68,6400
52,69400
33,13800
46,6400
31,13100
50,7500
53,30000
8,21100
34,12200
54,11200
41,14100
72,150900
37,16300
36,6400
10,12300
28,19200
32,80700
40,21000
39,9100
58,96400
70,10500
39,71500
40,11400
21,26300
43,456400
43,121300
42,77700
24,61400
75,19100
56,-99800
56,99800
56,54400
11,69000
46,6400
59,9100
30,6400
38,9800
38,800
42,6400
41,6400
53,79100
37,6400
55,12600
63,14300
41,96400
77,6400
35,106400
46,6400
37,76400
59,71800
79,38600
39,4500
35,29000
9,20100
65,101900
42,19700
52,66000
39,62400
42,6400
44,323600
24,11700
39,28200
56,14500
14,22400
93,217300
47,6400
31,8500
31,138200
41,11400
12,15300
42,35100
9,11100
66,14400
62,150000
61,150000
72,35590
72,-35700
72,10290
45,12700
37,16300
45,21900
59,8500
32,20100
40,5600
52,86600
62,23600
40,121400
52,78100
21,42700
21,10000
21,477400
49,101800
49,-4500
49,4500
43,926300
39,78900
8,55700
8,-55700
8,55700
24,138400
22,9000
11,10000
41,53000
59,451500
59,10000
28,71800
42,56950
25,6400
39,20000
59,-68100
59,66000
59,68100
9,28200
49,53100
31,26400
47,29200
47,20000
47,30900
33,145100
52,155800
66,6400
67,6400
45,29000
40,48000
66,121600
45,138700
14,121000
51,28200
48,29000
2,65900
4,31600
6,26100
56,26400
56,-49400
56,49400
56,26400
56,-49400
56,49400
38,106400
48,6400
6,9400
64,63900
30,83000
58,6400
65,41400
58,73600
53,106400
49,16500
61,50000
61,22900
32,20100
54,14300
54,118100
37,6400
45,24200
40,96400
27,-458500
27,458500
75,108300
35,8500
46,6400
59,16000
40,16300
59,76400
54,8700
51,6400
28,79100
38,4300
38,-6200
38,6200
38,481100
50,22400
3,9500
50,7500
47,101800
44,101800
44,101800
55,101800
39,101800
49,91800
62,317600
73,171100
69,4700
38,6400
53,68100
62,4500
29,17600
21,21400
12,154900
8,138100
40,13300
64,15400
39,241000
39,75100
52,179500
63,83450
36,185400
40,20000
40,306400
45,122800
67,9800
52,6400
2,37500
46,12600
44,66100
50,76400
41,6400
32,71800
58,65500
58,356400
43,101800
53,101800
12,12200
45,66000
61,60850
26,6400
35,78900
60,12400
44,106400
37,67200
37,456400
72,11400
57,78900
58,71900
27,9100
8,23500
48,47200
48,72500
33,115800
46,6400
76,18400
42,6400
51,18400
63,121500
53,26400
30,96700
48,101800
37,101800
35,147200
52,91800
39,101800
39,101800
8,53200
36,18400
40,12600
11,40600
48,6400
35,8500
66,104500
55,21000
63,127900
42,87400
73,13400
54,106400
59,9100
41,6400
46,107500
46,71900
38,78900
48,66000
63,14300
27,-472900
27,472900
25,22200
33,25600
65,26300
74,20100
60,4500
62,4500
58,8500
58,138400
56,6400
40,99100
76,6400
59,16300
74,29000
70,10500
48,38000
48,116300
37,20300
82,20600
81,23200
38,35200
45,138400
40,12900
43,3000
43,6400
5,9800
13,24300
47,87400
43,24600
40,101800
50,76400
64,21440
57,6400
33,12300
58,14300
44,12200
63,6400
44,29100
28,69400
63,17800
14,12200
12,13800
69,14200
27,79100
8,83100
38,78900
33,79100
54,6400
53,6400
36,6400
50,69400
47,61400
44,31200
27,79100
54,50500
63,80500
58,20000
38,127900
64,15850
37,9400
63,17800
45,20100
29,9100
37,109900
37,456400
43,69400
55,6400
37,79100
48,12600
38,106400
46,6400
4,20600
48,141800
17,23900
32,76000
30,151800
13,101800
65,79100
37,83300
38,144100
8,12000
49,106400
41,6400
44,20600
41,78900
60,6400
33,6400
39,78900
52,66000
86,12000
24,101800
44,6400
71,68100
40,31800
67,9000
49,62100
15,14200
52,87400
41,121800
37,29500
8,21000
41,21400
37,47100
31,31800
37,111500
38,37500
57,38200
69,4700
45,23800
54,76400
35,17800
5,12800
12,27000
27,6000
27,11400
13,19800
38,6200
38,26400
49,6400
49,6400
52,6400
64,6400
5,10600
50,21900
43,14500
55,87600
34,9400
62,9000
37,10930
58,465500
43,12600
8,119800
31,20000
31,87600
62,6400
44,37800
13,33600
49,75600
64,12100
59,6400
42,6400
31,1000
54,120600
47,6400
10,65000
38,130000
34,17400
39,8500
46,6400
62,109100
66,21400
48,21400
2,20000
2,9800
47,79100
76,62100
48,76400
65,6400
62,34300
40,106400
47,6400
47,14300
40,101800
54,124000
32,101800
34,104500
34,-104500
34,101800
30,6400
51,101800
30,101800
51,6400
51,70000
49,101800
56,101800
50,81000
50,80400
50,-81000
47,59500
47,456400
59,9100
59,-13400
59,13400
62,26300
64,73100
60,6400
46,12600
33,79100
59,155800
40,87400
64,6400
72,109600
64,20600
39,4500
51,8500
32,456400
32,28200
45,98450
59,29000
78,8500
44,29000
31,88500
62,4500
19,65800
55,8500
31,11600
59,37300
51,6400
47,78900
46,106400
13,32800
42,121800
69,9100
40,13100
56,33500
11,29500
64,76400
11,106400
31,8000
59,101800
48,101800
34,71800
57,6400
10,34100
29,110200
22,30400
70,38500
10,-86800
10,86800
10,88000
38,18000
4,114700
40,8500
54,17700
46,20000
35,15000
35,36700
35,470100
52,21300
64,6400
46,105200
37,96700
53,141800
65,151800
39,101800
25,101800
32,101800
44,101800
42,12600
51,13200
62,96400
35,104500
47,117700
41,331300
44,9600
48,6400
43,94400
39,-90000
39,90000
44,6400
65,6400
55,28200
76,6400
54,61900
11,13100
41,121400
64,6400
57,6400
27,130300
27,-130300
27,6400
65,7400
47,50700
47,-52800
47,52800
35,80600
33,-132700
33,132700
33,132700
75,9100
33,109000
40,12600
32,30500
60,70000
60,78900
53,116400
49,21900
60,146400
12,41000
20,6400
62,104500
27,6400
29,30000
35,3000
35,6400
43,109800
40,101800
66,800
66,6400
54,101800
54,101800
53,6400
33,6400
6,25000
35,37600
54,66850
38,183900
38,26000
22,120200
58,11200
28,6400
28,2700
29,9100
35,6400
47,76400
75,16500
40,6400
54,12300
22,12100
46,223950
58,101800
44,73800
38,137800
60,472000
32,458500
32,121500
5,16000
31,21200
26,35200
35,79600
36,112300
35,45000
55,36200
64,79100
40,89400
40,-10000
40,-79400
40,10000
40,79400
49,22000
42,128500
53,6400
59,101800
59,-101800
59,106400
27,-80200
27,79100
27,80200
6,14100
58,9100
2,21700
78,36400
26,100200
26,93200
26,-100200
69,71800
88,38600
62,10700
42,123500
39,31000
32,21200
40,86400
57,21900
30,22900
30,-25600
30,25600
38,25600
33,13200
65,335200
65,-485200
65,485200
65,54910
52,16100
41,16800
5,58900
54,106400
49,8500
6,24500
48,67000
48,458500
46,6400
35,9100
52,6400
40,9100
61,57310
73,6400
46,29800
74,109800
33,31600
36,15700
47,20100
77,20100
6,139700
32,12300
5,10600
27,79100
39,456400
44,23300
48,71900
60,8500
70,98900
76,25500
76,-27000
76,27000
57,78900
73,7200
73,4500
68,127900
52,66000
11,12400
20,-47500
20,50700
20,47500
35,66400
47,6400
28,3900
36,114600
36,40000
12,30100
45,8000
37,74300
65,10700
45,12600
55,8500
49,24000
47,288600
48,53700
53,6400
6,38300
37,16000
36,87400
38,77500
55,30000
43,78900
38,85900
33,92200
33,531700
49,88600
63,8500
39,25600
57,6400
32,36400
60,6400
46,228610
32,26400
53,6400
53,100000
30,6400
30,6400
63,6400
65,61400
35,187900
13,19800
53,23200
52,66000
46,101800
37,101800
57,101800
36,101800
38,127100
61,77000
48,472800
51,20000
21,34900
37,21900
27,31200
53,467200
54,17600
41,41900
46,78100
13,12200
40,30000
64,79100
25,6400
49,106400
61,137700
66,121900
66,66000
60,79700
39,66500
72,6400
34,9100
35,10300
31,6400
70,10500
56,108450
38,3000
38,74700
41,6400
66,20100
48,10000
41,78900
47,82100
47,79100
47,-79100
11,14300
45,71800
50,6400
43,472000
43,163600
46,71800
18,93800
35,10300
46,471900
46,85500
45,148700
57,18100
57,23600
54,12200
35,3000
35,10000
35,475700
62,6400
56,356400
56,80600
46,6400
25,63500
28,10400
60,6400
55,59100
65,76400
21,14100
71,26300
25,800
12,14200
30,115750
38,6400
55,6000
38,127900
15,71800
41,6400
41,-101800
41,101800
50,101800
17,101800
45,101800
28,3000
28,101800
50,7500
48,109800
61,7600
60,4500
11,106400
58,9400
69,68900
57,80500
40,117600
12,10000
1,16000
57,9000
66,74300
66,144500
11,60900
11,60900
47,-479200
47,495400
47,479200
77,351500
34,10000
13,470100
13,-37900
13,-470100
13,358700
13,37900
53,109800
35,22900
63,95900
63,-95900
63,95900
51,91800
50,17600
31,11800
37,20000
39,78900
44,4500
39,20100
10,27900
50,6400
37,6400
62,78900
33,-42000
42,94300
6,26400
1,98000
63,21200
34,467600
58,67300
11,71800
21,40100
46,109500
28,76400
46,456400
3,49400
60,4500
60,356100
60,65500
39,9500
6,46200
3,17900
58,20100
46,21900
9,39800
9,20100
33,9100
51,30000
10,26400
32,14100
37,10000
14,64800
41,228300
46,101800
81,15800
48,101800
40,6400
48,141800
48,-91800
48,91800
6,9400
40,148900
47,6400
68,23100
35,13100
31,8000
63,476300
47,20000
51,22900
27,26900
39,472000
44,28200
54,10190
39,21900
32,22000
44,13100
62,78900
39,78900
51,101800
15,71800
15,71800
15,-71800
55,6400
67,57900
74,6400
72,155500
65,6400
66,85900
61,6400
40,11400
60,21700
47,116300
39,9100
43,12600
35,106400
52,6400
40,-6400
40,6400
75,72700
77,109600
40,6400
46,79100
29,4500
47,9800
42,106400
12,26200
77,183200
49,96400
51,22900
35,79300
40,76400
53,11000
36,6400
39,53900
63,309000
63,374600
63,-309000
9,69000
51,16590
53,124300
50,96400
24,456400
59,24200
44,93500
44,456400
34,56300
29,6400
48,15800
56,20000
43,55300
58,91800
63,12000
44,471900
4,17800
20,50100
5,21800
38,88600
68,13200
43,78900
52,6400
50,106400
64,23300
58,6400
58,90000
40,166000
40,3000
8,30100
38,6400
38,-8500
38,8500
30,6400
46,3000
46,101800
44,133100
43,94000
43,4500
43,-124000
53,16300
57,121400
55,40000
62,70000
62,6400
38,78900
34,6400
44,106400
51,16690
62,76400
53,106400
26,39600
26,37800
41,6400
41,456400
60,22200
42,43100
38,26400
16,9000
13,20100
34,30000
34,30000
46,543700
50,119600
65,6400
52,122500
58,6400
50,12100
69,6400
37,106400
65,23200
54,14800
69,158500
44,35200
20,66000
42,24600
43,49600
40,133300
44,6400
43,5500
34,50100
40,6400
42,79100
49,13300
91,8500
56,98100
52,6400
10,23100
60,15300
54,101800
33,62200
35,52800
65,36800
40,76400
47,106400
37,76400
46,66000
35,9100
12,20100
47,30000
68,20100
55,75200
51,26300
51,-476300
51,476300
54,10600
17,9100
8,53300
43,21900
43,13200
41,61000
49,20200
48,6400
38,137200
13,14200
61,6400
60,8000
35,6400
32,9100
50,11000
74,8500
59,101800
62,94900
62,-94900
62,94900
91,28700
50,14200
6,22100
15,20000
37,53900
70,98900
62,39000
40,59370
40,306400
4,17000
61,3000
61,29700
46,109000
35,8500
58,6400
38,101600
11,60300
47,12900
72,6400
32,32600
59,9100
52,12300
43,106400
43,107200
53,79100
49,98500
49,-108500
49,108500
37,6400
41,6400
33,6400
63,18300
50,16300
53,11000
23,20100
53,139600
40,71800
63,66000
50,78900
47,35300
6,105600
62,60850
36,90000
36,6400
39,61700
72,127900
74,22400
56,106400
33,41200
39,6400
13,69400
13,46400
13,50000
13,-46400
13,-50000
51,100000
51,6400
21,12100
12,76400
41,22900
30,6400
8,6400
63,40600
35,101800
57,88400
4,22300
40,64400
45,62100
28,74500
81,256400
81,34200
57,72900
67,76400
40,2700
40,306400
53,13600
55,6400
58,9100
31,6400
31,6400
31,-6400
37,114300
25,106400
61,6400
59,12600
43,456400
46,12600
45,6400
52,6400
36,21900
34,12600
68,127900
50,7500
48,8500
73,459100
73,-459100
40,456400
40,59500
45,83100
41,9100
49,106400
55,71800
61,150000
34,477400
34,61400
65,10700
37,109800
49,6400
46,6400
61,6400
67,76400
45,111500
30,6400
46,159400
53,70000
37,78900
36,12300
38,10700
34,23400
49,13300
37,25000
63,22700
35,450000
75,42600
53,10000
48,27400
35,37500
35,29500
61,96400
62,98500
37,92400
65,12200
53,6200
53,317600
47,6400
81,249000
42,6400
11,28300
45,46800
38,94500
50,106400
41,6400
5,9100
47,146400
15,33000
28,6400
47,71800
41,10000
40,71000
43,1500
9,66100
43,10000
46,120700
46,10000
34,3000
34,29300
83,8300
57,133900
40,21900
67,230000
71,6400
6,9800
39,17600
37,88400
49,24700
12,18700
47,160200
39,20100
42,458500
42,76400
10,41100
50,106400
41,6400
35,81900
59,6400
45,6400
2,21800
40,76400
55,66000
51,8500
30,15000
33,22000
54,6400
48,6400
14,41100
12,11400
63,13900
60,6400
49,21200
47,76400
51,6400
43,55700
75,74200
40,101100
3,27200
54,63400
45,20800
34,17600
50,94400
11,32000
37,456400
9,128700
65,38300
26,7400
62,4500
68,71800
46,101800
49,101800
59,76400
45,101800
37,91800
48,101800
13,101800
39,101800
35,101800
33,107200
33,-557200
33,557200
33,-101800
33,101800
44,101800
69,96400
49,19900
67,64600
42,17900
55,104600
7,14600
45,36800
17,29200
46,66000
39,6400
68,75500
39,17600
39,15300
28,74500
48,98000
62,29000
26,25300
44,106400
59,76400
37,66000
38,12100
44,6400
49,16300
72,28300
60,150000
50,1000
50,110200
40,20000
18,106400
33,18000
66,9100
6,-39500
6,39500
6,39500
53,71900
42,17600
57,28200
41,8000
28,29700
58,149800
6,24200
5,33900
5,46200
56,6400
59,6400
53,130400
42,306400
42,149100
12,100100
63,6400
39,14200
16,21300
39,78900
45,6400
70,434000
50,61400
48,13100
58,8500
48,8000
46,9300
46,20000
46,10000
46,3000
49,9000
63,24200
36,71900
4,3600
56,17600
63,8500
75,8700
37,8500
2,95200
48,6400
35,26400
41,600
41,35300
10,20900
10,306400
67,101800
38,101800
44,127900
17,101800
60,8500
42,78500
45,8500
57,18300
34,-172200
34,172200
34,122200
57,37500
49,74900
49,17600
60,9100
6,12300
48,8000
57,10000
30,78100
52,49000
20,26500
88,8500
56,21900
28,43900
53,26300
65,479000
37,8000
49,6400
73,6400
69,10400
44,12600
53,106400
44,6400
48,13100
43,60450
43,306400
53,16300
36,42900
47,-538300
47,538300
47,36300
39,20100
43,15300
44,163300
44,471200
7,22100
46,6400
66,112000
38,49200
53,6400
49,107500
36,6900
36,24000
58,90000
58,26300
62,9000
4,16600
45,48500
34,3900
34,-4500
34,4500
31,33700
1,36300
52,10400
35,106400
35,-156400
35,156400
41,9100
46,12600
45,6400
31,12600
55,12600
25,6400
47,71800
76,6400
72,6400
46,106400
57,17600
51,11700
35,12300
55,13800
18,24200
50,71800
14,42000
36,20000
36,107500
14,91000
10,65300
47,6400
25,39000
46,13100
52,10400
56,6400
78,103200
78,473600
71,163300
71,475600
48,12600
61,109600
34,12600
44,72100
32,462600
48,101800
13,101800
13,101800
43,101800
46,91800
54,101800
44,25200
44,114000
39,195000
47,58500
53,28200
30,6400
54,6400
56,6400
39,60000
37,60000
48,136400
4,17000
20,76400
62,20100
51,42400
40,10000
36,34300
48,6400
78,456400
69,15300
68,6400
43,6400
37,7800
48,12600
38,106400
49,456400
49,133000
37,11000
47,108500
48,127900
1,4600
13,15200
75,25500
2,18500
34,60800
40,60700
35,92600
50,11200
1,16600
49,78900
40,25400
30,6400
60,6400
93,11700
26,39600
1,4500
27,18800
60,6400
49,14300
46,96400
9,23500
53,6400
39,6400
41,12200
46,6400
52,98900
28,100900
81,102000
1,21700
38,117600
60,88600
43,126400
32,91800
39,15800
41,35100
13,45000
51,111000
51,-121100
51,121100
33,23800
28,19100
57,37500
59,4500
11,85900
27,6400
35,78900
20,55000
34,115200
34,467600
38,101800
40,101800
41,78900
13,91800
51,61200
52,91800
38,101800
49,101800
36,101800
47,17800
32,76000
43,101800
52,99100
32,101800
39,17600
63,29700
46,160500
40,17600
57,26300
79,26300
79,10000
7,59200
65,116300
14,79100
40,19700
61,100000
37,85300
33,17700
45,20000
45,502500
49,8500
68,48000
49,71800
36,52200
36,28000
45,6400
59,19800
39,4500
53,6400
37,78900
44,139400
70,21900
47,80400
37,125500
38,29000
28,40100
28,70000
45,6400
40,101800
46,101800
54,101800
29,71800
28,109600
60,83450
6,24000
8,20100
41,22900
1,17300
51,55800
51,94900
65,-221600
65,221600
65,121600
44,71800
44,456400
57,106400
38,6400
47,84100
39,101800
32,76000
49,101800
34,12200
72,106400
46,105200
50,101800
52,101800
52,94500
59,101800
34,71800
34,71800
37,101800
46,91800
46,84100
51,71800
31,29100
62,91800
34,28200
60,8500
45,115400
30,6400
40,79100
55,6400
54,10000
43,124000
56,122500
73,88400
36,21900
48,18400
41,25300
44,23600
28,16200
46,28200
59,33700
66,6400
66,483500
66,51200
41,6400
7,94400
30,6400
43,70000
4,6200
53,162200
40,76400
46,76400
48,6400
55,100000
55,14100
51,30000
61,10500
48,6400
9,34400
13,101800
13,-101800
13,101800
13,101800
12,101800
38,101800
49,8400
40,6400
47,146400
46,101800
45,101800
37,98000
59,8500
49,96400
73,6400
15,36300
13,25000
15,25700
3,34800
9,12200
40,8500
75,22900
44,137400
44,13300
41,12200
5,9100
37,104700
14,62200
42,34390
37,10000
37,6200
37,456400
45,71900
42,10700
24,6400
47,11000
45,121400
65,12200
36,108000
10,12200
40,6400
57,456400
41,6400
39,126400
48,6400
66,155800
11,6400
57,25300
8,13100
11,10600
49,456400
49,59500
68,22900
40,99100
72,149100
72,356400
62,10700
76,6400
44,6400
32,26200
32,456400
76,6400
63,8500
36,70000
22,92900
43,8500
13,127900
43,76400
44,6400
46,101800
28,169300
47,17600
59,26400
40,13800
55,20300
45,101800
45,-101800
45,-101800
45,101800
45,101800
45,-101800
45,-101800
45,106400
45,-101800
45,101800
45,101800
38,8500
65,128100
66,6400
56,19300
13,101800
34,71800
35,101800
41,101800
53,101800
59,71800
30,101800
29,104500
36,65000
43,91400
62,93500
44,76400
54,4100
68,26400
32,4500
59,132910
46,467200
37,456400
13,19800
10,12400
63,6400
20,37400
35,58000
44,20100
53,79300
46,6400
46,74800
28,32100
53,11000
59,20400
15,143300
11,72200
37,12000
37,-12000
37,12000
44,6400
40,91800
60,12600
56,456400
57,6400
34,473800
60,18900
20,21900
36,96600
70,28200
31,122500
37,66900
48,30400
64,26300
66,74300
49,41600
39,16400
54,475700
54,13500
62,74300
53,12300
29,20000
29,4500
69,16300
69,47200
13,46600
13,458500
40,52900
40,6400
9,41400
58,21900
44,9600
44,138000
44,-63600
62,4500
56,20100
43,143700
46,6400
40,76400
13,19800
67,110400
39,33000
58,70000
12,317700
48,8500
34,52200
10,13100
10,6000
11,20100
14,28000
12,19300
6,11900
59,6400
70,60100
8,43500
8,102200
32,17600
43,66000
67,253100
47,16400
27,130300
44,456400
44,-456400
44,456400
44,59500
34,101800
42,91800
37,101800
47,101800
39,101800
46,101800
36,101800
30,101800
51,101800
49,101800
43,101800
29,12400
32,4500
51,121500
2,30200
72,46400
37,24400
31,21200
69,22700
57,31900
54,14300
71,27100
38,11000
38,-11000
38,11000
39,76400
43,12600
13,44400
70,8500
5,108800
55,148600
42,76400
40,101800
29,101800
33,91800
43,29000
57,472000
62,6400
32,36200
31,24000
61,20100
40,158500
46,18500
29,9100
2,38600
64,14300
8,128500
66,74300
43,14100
33,6400
6,31400
58,11700
59,16300
71,625700
52,479000
41,479000
41,-479000
49,8500
48,24100
48,107500
53,8500
69,14200
28,99500
73,6400
76,398600
76,-656400
76,656400
12,11400
54,101800
48,71800
42,101800
55,61700
55,-61700
55,61700
30,8500
65,101100
66,6400
61,6400
49,18400
3,29800
47,101800
57,101800
11,101800
48,99800
61,6400
63,101800
30,101800
50,101800
49,20300
45,101800
93,134500
93,-134500
37,6400
44,21900
10,16200
53,90700
5,11500
13,61400
11,23500
15,44100
38,76400
48,12700
41,23100
41,23000
11,32300
45,14300
62,96400
63,127900
38,78400
54,471200
15,11500
39,8500
15,13100
70,10700
42,70000
72,6400
6,69900
16,95700
41,6400
9,20200
71,20000
71,9100
79,467600
27,20000
27,470100
9,12200
53,26300
5,25800
62,21900
28,76400
37,172500
31,65800
62,7800
40,76400
39,4500
47,10000
47,456400
37,467600
55,80500
28,71800
35,6400
35,20000
39,183200
39,-185400
39,185400
55,6400
5,16400
34,18500
49,82000
39,123700
47,6400
36,6400
44,8500
62,4500
33,6200
33,321200
63,9100
34,78900
63,9100
51,29000
43,66000
42,8500
32,42400
43,90100
44,6400
69,108500
37,130400
10,59200
22,76400
34,12700
38,14200
66,14100
42,21200
74,82300
28,20000
52,91400
67,6400
62,18400
40,33500
69,10400
63,8500
8,13400
26,72100
12,26300
42,6400
63,6400
41,12000
45,11400
36,62800
44,64800
65,72200
38,6400
65,18600
38,127900
67,22900
24,6400
35,101800
48,12200
4,16000
42,206400
6,13100
40,78900
23,13700
36,8500
55,34600
36,8500
25,43200
41,6400
45,12600
34,6400
36,60300
83,454900
37,12600
6,20100
65,273500
49,78900
63,6400
52,39200
50,101800
65,90000
56,6400
16,94500
32,61300
45,106400
35,6400
63,11300
56,96300
56,546300
56,-546300
54,78900
26,9700
45,119100
36,76400
37,31700
63,8000
43,8500
53,44200
44,27700
11,29100
53,69400
30,8500
14,17700
35,12400
33,79100
48,470300
62,91800
11,106400
53,18000
44,22000
56,6400
37,36200
33,12400
38,141400
8,14200
42,20000
42,66900
71,8500
49,29000
39,4500
37,109300
27,113100
42,6400
49,6400
46,14700
35,101200
46,107500
6,130800
40,122500
71,6400
42,8500
34,101600
46,6400
62,9800
41,96400
69,6400
69,2900
46,101800
49,6400
81,157000
49,456400
39,9100
51,44300
44,12600
69,2900
69,58700
38,22900
61,96300
37,96400
34,150000
50,6400
45,15800
69,62100
37,6400
43,6400
44,106400
11,24800
19,37900
63,18290
8,12000
60,12300
11,17000
11,108500
40,12600
49,62100
26,19300
60,38100
62,96400
62,-104400
62,104400
32,91800
34,22900
33,76400
48,-17800
48,17800
47,26300
29,467600
52,21400
10,178600
46,76400
50,6400
14,14300
42,560300
50,14100
50,-464100
50,464100
53,78900
80,22900
7,112500
7,-102500
7,102500
7,112500
7,-102500
7,102500
14,70000
12,116400
12,116400
60,12600
62,14000
25,178900
55,106400
54,116100
33,6700
8,12700
54,43100
50,20000
35,27400
48,456400
49,30100
42,9800
42,10000
64,150000
64,14300
64,22900
52,17800
63,59500
63,483000
43,17600
68,14200
41,1100
48,6400
22,101800
35,91800
45,91800
13,-101800
13,101800
13,176400
48,101800
53,11200
7,253300
37,74300
46,20100
42,20100
53,6400
49,31700
32,484500
37,28400
49,8500
60,25300
39,77900
6,13400
41,79500
41,481900
1,18300
57,6400
54,8500
39,6400
35,4500
35,76400
49,80000
49,10000
49,106400
49,350000
49,6400
49,124200
28,20000
5,14300
34,11000
34,332300
68,136000
55,101800
48,31500
54,4100
49,97400
53,6400
56,9100
39,22900
35,10000
35,465700
25,37100
10,13100
12,12000
40,101800
67,101800
32,91800
43,101800
46,101800
44,101800
72,123300
30,156400
36,101800
35,108500
27,91800
61,44500
48,101800
48,6200
78,8500
59,66000
57,153800
2,15200
27,141300
27,700
57,26400
57,3000
46,91800
17,101800
71,246500
75,598600
18,6400
78,17600
43,20000
31,65800
20,6400
34,4500
45,101800
36,20000
37,8000
47,8500
60,25200
49,308500
49,458500
49,-458500
54,12300
58,23000
8,18000
37,40000
14,22900
34,101800
55,15200
68,6400
13,106400
71,107300
34,71800
27,144300
48,44300
59,101800
43,91800
47,11200
54,97500
41,42900
49,78900
54,102100
54,63000
47,456400
7,15400
32,23900
59,21200
32,84100
47,21300
42,109100
26,39600
48,132200
50,74100
9,16300
38,73600
34,26700
63,86800
11,77000
64,78900
63,26400
44,29700
35,7200
46,76400
27,-20000
27,20000
6,8500
35,18900
65,88600
68,6400
57,100000
57,107700
49,456400
48,-37800
48,37800
32,6400
46,96400
40,11100
39,76400
62,55600
62,456400
1,26300
77,21900
54,471900
36,129200
32,127900
52,471200
30,21400
90,88600
25,10200
36,81500
48,22900
54,10800
42,10500
22,41100
62,6400
52,94500
76,6400
58,106400
48,6400
69,9300
39,1545500
33,456400
33,20000
33,1000
46,10000
46,-10000
46,10000
61,6400
57,6400
38,15100
38,10700
46,-6400
46,6400
51,22500
47,69400
49,66500
41,6400
32,6400
65,717600
65,103100
49,29000
27,31700
75,123000
51,6400
40,6400
47,118300
22,15200
50,6400
34,12200
48,63100
48,8000
58,26400
52,25700
62,4500
44,10200
66,149100
61,6400
38,101800
55,101800
58,66000
43,71900
43,3000
44,101800
48,101800
33,6400
63,6400
63,6400
60,71900
27,9100
34,6900
34,45700
30,20000
8,78400
28,15300
49,27700
54,100100
54,88500
54,-100100
49,78900
40,6400
37,78900
49,32900
57,21200
58,81500
42,111700
56,6400
49,35200
44,135200
45,78300
68,108400
49,78900
37,101800
24,101800
11,101800
46,101800
65,101800
50,101800
39,101800
48,79300
55,456400
49,78900
23,76000
53,56300
70,6400
12,12000
5,9800
40,101800
32,91800
11,101800
47,127900
31,10000
40,144300
44,107100
7,15300
40,13300
55,25300
17,12800
61,171800
17,29500
6,59200
36,20100
50,150000
35,20100
37,112200
57,14400
39,87600
9,6400
30,101800
56,121900
59,6400
26,101800
15,71800
50,101800
66,91800
37,90000
25,72500
39,100000
37,78900
40,78900
50,61400
24,101800
48,106400
44,19700
33,84800
31,-458500
31,458500
11,101800
69,6400
9,25700
39,101800
62,24700
64,6400
44,98700
44,10000
36,22900
64,56400
39,62100
52,94500
45,101800
25,101800
35,101800
44,101800
48,101800
56,101800
29,104500
67,8500
44,6400
55,117200
57,482100
57,117800
51,27700
41,8500
22,22800
6,12900
28,12000
33,9100
11,77000
11,45300
3,9100
49,456400
34,35300
33,71800
65,151800
29,104500
44,106400
41,91800
37,101800
37,2700
60,71900
58,70000
41,28800
15,3000
15,27100
63,29000
41,74300
36,88600
4,47800
12,22100
41,19500
53,69800
41,20000
43,25600
48,70000
39,12000
8,18900
66,74300
48,6400
56,21900
68,6400
39,8500
41,91300
12,117800
12,117800
12,-117800
50,76400
50,550000
50,55600
50,9100
45,38500
45,21900
10,8500
63,8500
47,17200
29,44500
9,104790
5,24600
9,6400
29,15300
67,12000
58,20000
31,20000
37,11700
43,47500
24,81200
50,21300
35,8500
44,67900
53,141800
43,91800
40,71800
40,-101800
40,101800
48,101800
47,101800
65,39000
39,101800
46,91800
37,101800
37,71800
53,101800
37,101800
46,101800
43,9100
51,24200
51,-474200
51,474200
48,18100
61,6400
42,96400
42,-91800
42,96400
11,103200
54,101800
65,101800
50,101800
17,101800
42,35400
53,18400
4,10500
55,17200
55,1500
34,53200
9,15340
11,36800
53,127900
39,71800
42,101600
37,8500
59,14300
42,25800
24,34500
33,26400
44,180900
49,24800
41,76400
14,79100
10,41100
44,44500
46,20000
51,1000
39,101800
41,101800
64,79100
48,42300
44,10000
9,67100
39,4500
67,16400
9,112000
9,51200
37,8500
39,6400
46,10500
57,11900
47,16300
61,10500
68,6400
32,6400
61,6400
53,71900
19,6400
9,15800
2,9300
34,30100
35,148100
51,256400
55,3400
57,6400
50,106100
6,22900
56,71800
53,6400
63,76400
63,6400
63,-76400
63,39300
59,263800
50,91800
27,467600
27,3000
8,61000
37,6400
47,12600
68,6400
46,52900
46,-165700
46,165700
71,180900
67,54350
67,376000
50,20000
66,149100
39,78900
41,60000
38,39000
63,26300
46,21200
65,29000
2,29800
40,151500
59,4500
31,20300
40,112600
40,-112600
40,112600
41,30100
18,103600
43,124000
39,4500
34,101800
34,10300
43,456400
69,12400
43,129800
48,6400
41,76400
40,148900
7,29400
47,62100
52,76400
24,11000
36,182200
28,76400
1,30600
47,51400
51,11700
64,21440
11,16200
35,13100
44,12200
30,90300
13,101800
20,26400
12,36400
0,6600
68,13000
57,61700
56,62200
33,29400
43,70000
56,53300
66,6400
43,70000
70,66000
49,11500
11,31100
48,6400
46,70000
46,456400
87,8500
75,21900
87,108500
34,106400
58,29000
55,6400
57,24100
8,13100
52,98900
11,11400
25,12200
48,6400
54,31100
31,6400
59,20300
61,6400
33,76400
57,6400
38,111700
61,57400
52,29000
48,77600
27,15900
40,10200
47,45000
47,93000
19,14200
47,73200
47,-80200
47,80200
41,8500
48,6400
6,46200
55,184600
52,13600
44,12600
37,6400
41,456400
1,6200
39,44300
39,63000
6,53200
60,79100
53,6400
40,109100
43,72350
8,35100
39,104900
43,89300
43,71800
43,-91400
36,458500
56,19700
82,18400
41,62100
28,227200
46,10000
46,800
46,471200
54,9600
14,18700
1,9300
54,20100
35,9100
55,28000
49,100000
18,101800
71,268300
71,-500000
71,500000
61,35400
50,117100
12,37700
4,21500
56,9000
5,13700
37,43400
16,59200
54,20300
34,30000
52,6400
40,4500
33,9800
42,91800
57,69400
40,101800
48,140900
7,92300
57,8500
27,20000
54,101800
59,52700
58,6400
14,87400
42,104500
7,12300
57,-98900
57,81900
57,98900
57,98900
57,-98900
47,11700
10,3000
10,6400
36,20000
36,9400
50,26300
56,107100
57,8000
50,8500
61,21900
46,30880
1,21000
37,12090
58,15400
36,171900
58,49300
58,6400
69,21200
64,21900
18,48500
53,6400
55,467600
38,121900
49,128300
59,6400
2,10600
59,76400
12,8700
55,6600
37,23500
39,39000
32,30000
26,706400
26,13000
37,74300
46,12880
83,8400
66,334600
38,110200
38,12900
40,20300
71,10200
40,81500
53,30200
36,106400
48,46900
63,8500
35,137300
41,76400
10,9800
42,76400
47,13800
67,600000
29,88500
25,6400
57,4500
47,20000
56,29000
1,13800
1,-15200
1,15200
48,141800
35,526100
34,36700
41,127900
22,12100
30,6400
31,114300
36,113100
30,6200
47,6400
75,87300
15,59200
14,64800
51,21900
5,46900
64,72300
29,6400
33,16400
43,109800
44,12600
67,26300
41,6400
49,106400
45,12600
49,6400
30,6400
40,12600
61,14400
58,109100
73,48500
45,30000
45,321200
54,7200
46,10000
26,8500
60,79100
60,21000
60,-100100
60,100100
40,159800
33,10800
28,62500
44,124200
20,14100
6,28200
31,17600
31,48790
36,71200
76,374800
76,40000
33,3000
33,671400
73,121500
39,61000
73,17800
37,62000
47,70500
53,17600
48,20200
47,97100
58,67200
19,8500
63,71900
24,76800
79,23000
73,72900
66,6400
46,227950
66,13100
37,33700
37,8000
27,24700
34,471200
34,20000
34,10000
11,37900
28,20100
54,467600
14,26400
37,9100
6,48100
33,29100
55,6400
55,8500
88,5500
88,325700
41,12100
23,472900
23,44400
36,6400
41,97200
46,6400
39,106400
49,6400
49,141600
42,96400
43,109100
48,40600
51,17500
65,6400
38,127900
42,91800
39,101800
46,25700
47,476300
15,10190
17,21900
36,13200
9,137100
53,8500
9,37200
4,15300
60,21900
53,85100
49,8500
44,86400
54,116900
41,16300
54,10700
11,13340
12,11400
25,12200
11,10400
46,13200
42,10500
37,78900
8,32200
37,78900
57,162100
40,306400
24,106400
42,6400
47,101800
32,3000
32,91800
48,106400
30,101800
8,13500
56,6400
40,99100
40,72100
40,-79100
40,91800
54,101800
43,91800
37,101800
37,101800
46,91800
49,325700
49,10000
54,8500
45,15300
43,109800
32,6400
48,79300
64,129500
64,456400
39,62100
47,169700
55,78500
49,56400
42,10500
54,10700
7,133700
55,20300
2,7700
10,9800
41,121400
71,6400
11,101800
39,101800
46,101800
54,72100
43,51400
32,32300
8,6400
45,121400
44,11400
54,10700
39,59500
39,458500
45,11400
56,101600
50,71800
4,21100
4,81500
43,475700
43,77200
43,95400
36,67300
55,16100
55,-20300
55,20300
48,6400
50,6400
34,8500
69,66500
57,6400
41,49600
40,10000
36,92800
45,25300
5,6200
46,19500
53,16800
64,108500
44,62200
57,9100
52,411400
47,146400
53,106400
5,9100
53,71900
53,98900
53,-71900
35,90300
63,83300
41,8500
32,130000
43,26600
12,20900
34,25600
79,205300
79,-209900
79,209900
5,6200
42,31800
76,6400
48,46100
72,101800
59,76400
44,20000
33,10000
29,20100
36,133600
46,76400
42,6400
48,112600
61,6400
55,6400
42,8500
52,6400
62,9800
12,13100
61,60850
52,26300
8,22800
38,60200
4,7600
45,26800
28,21900
46,21900
24,41400
61,90900
49,150000
43,105600
59,139400
62,109100
43,456400
43,10000
48,13900
39,101800
28,64800
54,46400
34,88900
48,8000
38,50000
38,6400
49,20000
48,88600
24,20000
5,28800
14,46200
46,36600
37,71900
40,320100
60,-26300
60,26300
40,45600
40,81200
70,38110
43,109100
55,8200
48,101800
34,10300
42,100000
43,101800
45,1800
17,101800
53,101800
38,71800
48,101800
68,475700
68,103200
42,475700
64,26300
4,13300
45,23800
37,11600
65,16300
18,6400
41,6400
41,106400
51,106400
50,101800
41,6400
66,6400
64,76600
56,21900
49,21200
37,124500
34,23500
34,4500
41,69400
54,52700
8,16300
43,21200
63,6400
58,91800
24,101800
39,4500
49,6400
40,52100
40,51600
40,-52100
14,16800
42,100000
42,-101800
42,101800
17,101800
67,101800
70,106400
79,8500
32,71800
44,39300
40,91800
49,101800
50,101800
39,101800
35,4000
35,456400
54,556400
43,6400
2,7700
54,76800
43,82000
7,3000
7,47000
11,16300
50,71800
37,76400
47,64800
37,101800
11,27500
54,22900
54,6400
7,67100
7,111400
37,22900
40,12600
55,101800
51,101800
39,101800
43,206400
53,101800
40,91800
49,14600
50,101800
36,91800
59,20000
59,1500
59,76400
49,32900
71,62100
47,6400
42,13600
46,12600
14,12200
36,456400
36,465500
36,-456400
64,64800
37,101800
48,101800
42,91800
44,101800
51,101800
40,91800
27,91800
45,91800
22,101800
9,41400
41,8500
3,10000
63,26300
38,6400
39,13100
61,8500
37,81000
45,14100
46,66000
34,101800
36,50100
59,79300
40,82800
46,96300
42,20100
51,133700
50,26200
55,21900
29,15300
4,19600
10,25300
62,4500
43,101800
47,71800
38,101800
58,39000
6,13100
6,-14100
6,33100
39,91800
56,101800
15,46900
47,56400
27,10800
3,22800
10,53900
54,94800
56,6400
56,167700
41,69400
65,97500
39,115200
65,78900
65,3400
47,19300
57,330500
57,47200
51,76400
51,9100
56,76400
81,40600
61,48500
57,131800
29,6400
29,11200
44,6900
70,8500
42,22900
59,21900
47,20300
10,4900
50,23600
50,10000
44,15800
46,5200
46,-12400
46,12400
44,6400
58,111000
58,21000
58,-111000
40,48500
7,18400
6,24500
35,268400
14,108400
25,18100
25,7200
73,184600
44,-471200
44,471200
35,120100
38,13500
54,21900
65,6400
7,14300
47,467600
47,-467600
47,467600
32,4500
46,8500
42,10500
33,26100
45,6400
54,72900
22,3000
22,26900
57,6400
39,8500
36,79100
46,29000
52,100000
52,21400
45,33400
40,120300
75,-476500
75,476500
39,101800
34,6400
68,101800
40,6000
46,12400
49,101600
37,22900
38,22900
55,94600
58,5500
22,143600
41,10200
51,86400
46,8500
46,-8500
64,78900
37,91900
39,6400
19,24200
26,25300
40,71800
5,27900
35,82200
39,6400
11,51300
24,22900
70,6400
51,94400
59,78900
48,8000
64,21900
30,8500
52,90100
58,24700
41,168000
46,31800
40,106400
54,130750
50,22500
40,101800
45,101800
48,8500
12,6400
40,20100
45,106400
44,147500
52,15300
40,26900
44,20100
9,16800
27,456400
27,72500
55,120600
2,7700
8,13300
12,58600
45,8500
9,61000
38,8500
48,6400
58,26900
12,13400
59,12700
79,133700
48,9000
52,21900
55,13300
58,136900
37,25600
8,59500
56,21900
34,6400
62,96400
62,70000
74,29000
2,4600
40,466800
40,-456400
40,456400
37,12000
46,10380
65,6400
51,476300
28,31700
53,6400
38,8800
38,471200
38,8500
54,67500
82,28700
40,55800
40,483500
58,71800
68,51600
28,79500
55,101800
55,-71800
55,71800
62,8500
35,6400
44,62100
37,11990
60,21700
54,16300
55,32100
62,14900
36,8500
42,52400
61,15300
28,51800
61,26300
56,101800
54,101800
47,8500
23,70100
39,8500
24,76000
15,71800
11,42400
0,2500
31,80500
42,120700
62,45200
44,54600
35,141600
29,32700
46,26700
44,84300
56,20100
71,178900
37,8500
56,479000
54,29100
62,39700
44,16800
35,20100
54,62100
52,94400
38,28500
28,71800
28,70000
22,20000
22,-20000
22,20000
22,470100
55,16600
40,81500
17,3000
17,11100
33,71800
47,8500
52,122000
39,118700
66,74300
67,474000
48,70000
56,9900
28,128100
65,101800
50,101800
52,2700
52,91800
65,101800
48,101800
40,100000
40,6000
40,100000
40,6000
56,475700
56,132800
47,91800
53,101600
36,101800
29,61000
62,37400
59,7400
42,80200
38,29000
5,33700
71,-479000
71,479000
4,88800
75,608500
10,77000
2,50100
27,10000
30,14400
44,6400
43,19900
65,8500
65,98500
14,25300
48,12600
9,16690
49,109400
59,97650
44,130200
67,21200
45,25300
45,-24400
45,24400
37,6400
42,8500
28,141800
49,6400
54,78900
75,8500
15,40780
15,52700
35,79300
60,15300
47,458500
32,141800
43,6400
8,22800
40,507300
50,101800
44,101800
48,101800
39,101800
53,91800
30,22900
67,58800
37,6400
54,26300
51,91500
60,18000
42,62200
65,6400
37,122500
46,14100
38,10000
16,5600
32,127900
57,9100
23,85800
9,20700
28,20000
48,-15200
48,15200
44,11700
32,22100
38,8500
43,71800
28,71800
8,107900
52,252000
41,8500
66,20000
38,-51700
38,51700
38,50400
55,29000
37,24600
61,31900
37,87600
50,180900
4,48200
40,9800
40,467600
34,14300
5,16600
46,135200
2,27200
36,6400
76,155700
76,157850
76,-155700
67,120000
51,44300
44,11400
46,101800
35,101800
66,101800
40,100000
37,71800
54,-101800
54,106400
54,101800
37,101800
4,117800
60,79100
26,8500
82,5500
16,5600
65,8500
61,23000
34,6400
43,13300
43,17600
88,6400
10,23500
55,12000
50,26300
66,6400
46,27400
2,33600
25,437900
12,24000
44,78700
42,67700
60,56000
13,28000
35,470100
41,74300
20,111400
51,27000
27,6400
39,106400
51,82700
36,79900
10,38600
39,20100
38,20100
10,150400
66,-1900
66,3400
66,1900
40,84700
39,116300
3,31600
40,13200
74,97700
43,129400
47,40400
50,43000
29,61000
55,17600
15,8500
50,17600
46,24200
37,143100
45,15800
20,20300
59,90500
61,29000
49,16500
38,1000
38,112400
56,6400
56,8500
41,106200
69,476300
69,54200
68,21900
73,306400
73,101600
73,95700
73,-109600
59,33500
35,466300
57,10000
61,103100
4,17300
66,99100
66,-91800
66,91800
41,75800
69,6400
69,6400
56,76400
37,390400
37,-390400
37,340400
37,101800
63,71800
37,91800
22,101800
45,91800
43,101800
28,12300
59,77700
34,27000
60,20200
37,78600
42,104500
59,6400
43,20100
34,926700
34,39800
34,-43300
34,43300
2,44300
38,101800
40,71800
44,91800
24,29600
8,39500
38,69400
56,132300
11,111700
57,6400
0,23300
0,-26300
0,26300
46,23800
63,69100
40,39200
45,18000
41,6400
23,83700
27,8500
49,101800
43,101800
17,101800
49,101800
40,100000
7,34100
42,13600
50,6400
54,8500
40,198100
34,13000
44,456400
46,15200
46,74500
34,17100
54,456400
39,18900
50,4500
31,9300
51,12500
47,48500
36,456400
46,76400
52,30180
45,12200
48,12300
57,88600
50,-93100
50,93100
50,76400
8,35600
73,38400
6,6400
66,20000
67,40000
63,90000
47,6400
82,101000
82,456400
52,182300
44,20100
36,91800
4,106200
37,22900
65,8500
33,76400
63,30000
63,40000
56,-476700
56,476700
56,-31100
56,31100
60,27400
51,27700
44,91200
40,42000
46,6400
64,14200
36,22900
66,24200
46,14100
43,115400
44,29700
63,6400
9,6400
11,9400
11,-26400
11,26400
28,8500
37,17700
32,9300
48,27100
62,1000
62,22900
54,119000
28,103500
11,159400
28,128100
14,9800
62,24800
36,3000
36,10300
43,22000
52,21900
35,144200
60,52700
63,76400
54,106400
59,80200
50,15300
62,15800
70,21900
50,10000
38,20000
73,80900
41,6400
48,16300
65,6400
41,6400
51,88500
22,42400
34,12600
34,65200
57,9400
9,15340
53,26300
37,94300
43,22900
35,19700
53,20600
39,130300
50,8500
46,53000
26,14300
41,472900
38,11000
32,127900
27,23600
8,22100
25,125300
37,101800
41,71800
8,12000
59,157600
48,10000
48,18000
51,26300
45,9500
23,10000
57,52700
54,80500
77,9000
71,9000
44,6400
65,108300
58,17600
46,48500
48,9100
43,50200
52,11990
52,-12300
52,12300
19,456400
58,23000
44,52700
62,18000
48,6400
11,100400
76,11600
61,6400
47,171800
52,33100
64,-800
64,800
49,101800
64,51800
39,101800
47,71800
53,101800
53,101800
51,101800
9,38500
27,76400
42,306400
59,78400
51,37400
53,456400
46,456400
45,256400
56,69400
15,17000
57,6400
40,64500
13,11000
52,479000
12,74900
63,29000
58,110100
45,126400
37,126400
54,12300
76,17600
84,426800
5,6200
81,11800
50,6400
44,88600
1,51300
56,24400
48,26300
4,46900
49,82000
49,101800
65,151800
37,90000
50,101800
52,94500
48,101800
37,104500
41,101800
47,91800
54,101800
33,101800
29,104500
48,101800
7,12200
40,6400
46,152300
62,4500
46,10380
49,78900
51,11700
52,11990
45,531000
38,-480500
38,480500
49,84100
46,129000
64,17800
64,189000
42,109100
59,8500
67,560700
62,104500
62,8500
25,470000
25,10000
25,1000
32,95800
73,39100
78,100200
41,31900
7,138000
26,43400
58,14100
55,6400
27,17600
27,13500
36,206400
36,30000
36,606400
36,-206400
36,-450000
36,450000
20,106200
69,55950
36,40000
45,458500
46,20100
46,92800
11,13100
5,66200
64,76400
40,78900
76,153000
54,10000
55,6400
40,475700
40,163200
56,115750
56,23000
53,6400
50,71800
41,29000
9,20100
35,17600
45,56300
17,14100
14,91000
70,119200
48,101800
44,133400
87,6400
7,74600
7,13100
9,18600
9,23700
29,6400
